-- phpMyAdmin SQL Dump
-- version 5.0.2
-- https://www.phpmyadmin.net/
--
-- Host: 127.0.0.1
-- Generation Time: Jan 06, 2022 at 04:58 PM
-- Server version: 10.4.14-MariaDB
-- PHP Version: 7.3.22

SET SQL_MODE = "NO_AUTO_VALUE_ON_ZERO";
START TRANSACTION;
SET time_zone = "+00:00";


/*!40101 SET @OLD_CHARACTER_SET_CLIENT=@@CHARACTER_SET_CLIENT */;
/*!40101 SET @OLD_CHARACTER_SET_RESULTS=@@CHARACTER_SET_RESULTS */;
/*!40101 SET @OLD_COLLATION_CONNECTION=@@COLLATION_CONNECTION */;
/*!40101 SET NAMES utf8mb4 */;

--
-- Database: `psycho_new`
--

-- --------------------------------------------------------

--
-- Table structure for table `auth_assignment`
--

CREATE TABLE `auth_assignment` (
  `item_name` varchar(64) COLLATE utf8_unicode_ci NOT NULL,
  `user_id` varchar(64) COLLATE utf8_unicode_ci NOT NULL,
  `created_at` int(11) DEFAULT NULL
) ENGINE=InnoDB DEFAULT CHARSET=utf8 COLLATE=utf8_unicode_ci;

--
-- Dumping data for table `auth_assignment`
--

INSERT INTO `auth_assignment` (`item_name`, `user_id`, `created_at`) VALUES
('manage-admin', '1', 1639386205),
('manage-view', '1', 1639444095);

-- --------------------------------------------------------

--
-- Table structure for table `auth_item`
--

CREATE TABLE `auth_item` (
  `name` varchar(64) COLLATE utf8_unicode_ci NOT NULL,
  `type` smallint(6) NOT NULL,
  `description` text COLLATE utf8_unicode_ci DEFAULT NULL,
  `rule_name` varchar(64) COLLATE utf8_unicode_ci DEFAULT NULL,
  `data` blob DEFAULT NULL,
  `created_at` int(11) DEFAULT NULL,
  `updated_at` int(11) DEFAULT NULL
) ENGINE=InnoDB DEFAULT CHARSET=utf8 COLLATE=utf8_unicode_ci;

--
-- Dumping data for table `auth_item`
--

INSERT INTO `auth_item` (`name`, `type`, `description`, `rule_name`, `data`, `created_at`, `updated_at`) VALUES
('manage-admin', 1, NULL, NULL, NULL, 1626569834, 1626572398),
('manage-view', 1, NULL, NULL, NULL, 1626569834, 1626572398);

-- --------------------------------------------------------

--
-- Table structure for table `auth_item_child`
--

CREATE TABLE `auth_item_child` (
  `parent` varchar(64) COLLATE utf8_unicode_ci NOT NULL,
  `child` varchar(64) COLLATE utf8_unicode_ci NOT NULL
) ENGINE=InnoDB DEFAULT CHARSET=utf8 COLLATE=utf8_unicode_ci;

-- --------------------------------------------------------

--
-- Table structure for table `auth_rule`
--

CREATE TABLE `auth_rule` (
  `name` varchar(64) COLLATE utf8_unicode_ci NOT NULL,
  `data` blob DEFAULT NULL,
  `created_at` int(11) DEFAULT NULL,
  `updated_at` int(11) DEFAULT NULL
) ENGINE=InnoDB DEFAULT CHARSET=utf8 COLLATE=utf8_unicode_ci;

-- --------------------------------------------------------

--
-- Table structure for table `data_import`
--

CREATE TABLE `data_import` (
  `id` int(11) NOT NULL,
  `can_name` varchar(80) DEFAULT NULL,
  `can_ic` varchar(12) DEFAULT NULL
) ENGINE=InnoDB DEFAULT CHARSET=utf8;

-- --------------------------------------------------------

--
-- Table structure for table `migration`
--

CREATE TABLE `migration` (
  `version` varchar(180) NOT NULL,
  `apply_time` int(11) DEFAULT NULL
) ENGINE=InnoDB DEFAULT CHARSET=utf8mb4;

--
-- Dumping data for table `migration`
--

INSERT INTO `migration` (`version`, `apply_time`) VALUES
('m000000_000000_base', 1637642218),
('m130524_201442_init', 1637642223),
('m190124_110200_add_verification_token_column_to_user_table', 1637642223);

-- --------------------------------------------------------

--
-- Table structure for table `psy_answers`
--

CREATE TABLE `psy_answers` (
  `id` int(11) NOT NULL,
  `can_id` int(11) NOT NULL COMMENT 'user_id',
  `bat_id` int(11) NOT NULL,
  `column1` varchar(225) NOT NULL,
  `column2` varchar(225) NOT NULL,
  `column3` varchar(225) NOT NULL,
  `column4` varchar(225) NOT NULL,
  `status` smallint(6) NOT NULL,
  `finished_at` int(11) DEFAULT NULL,
  `answer_status` tinyint(1) NOT NULL,
  `answer_status2` tinyint(2) NOT NULL,
  `overall_status` tinyint(1) NOT NULL,
  `answer_last_saved` varchar(8) NOT NULL,
  `question_last_saved` int(11) NOT NULL,
  `answer_last_saved2` varchar(8) DEFAULT NULL,
  `created_at` int(11) NOT NULL,
  `updated_at` int(11) NOT NULL,
  `q1` tinyint(1) NOT NULL DEFAULT -1,
  `q2` tinyint(1) NOT NULL DEFAULT -1,
  `q3` tinyint(1) NOT NULL DEFAULT -1,
  `q4` tinyint(1) NOT NULL DEFAULT -1,
  `q5` tinyint(1) NOT NULL DEFAULT -1,
  `q6` tinyint(1) NOT NULL DEFAULT -1,
  `q7` tinyint(1) NOT NULL DEFAULT -1,
  `q8` tinyint(1) NOT NULL DEFAULT -1,
  `q9` tinyint(1) NOT NULL DEFAULT -1,
  `q10` tinyint(1) NOT NULL DEFAULT -1,
  `q11` tinyint(1) NOT NULL DEFAULT -1,
  `q12` tinyint(1) NOT NULL DEFAULT -1,
  `q13` tinyint(1) NOT NULL DEFAULT -1,
  `q14` tinyint(1) NOT NULL DEFAULT -1,
  `q15` tinyint(1) NOT NULL DEFAULT -1,
  `q16` tinyint(1) NOT NULL DEFAULT -1,
  `q17` tinyint(1) NOT NULL DEFAULT -1,
  `q18` tinyint(1) NOT NULL DEFAULT -1,
  `q19` tinyint(1) NOT NULL DEFAULT -1,
  `q20` tinyint(1) NOT NULL DEFAULT -1,
  `q21` tinyint(1) NOT NULL DEFAULT -1,
  `q22` tinyint(1) NOT NULL DEFAULT -1,
  `q23` tinyint(1) NOT NULL DEFAULT -1,
  `q24` tinyint(1) NOT NULL DEFAULT -1,
  `q25` tinyint(1) NOT NULL DEFAULT -1,
  `q26` tinyint(1) NOT NULL DEFAULT -1,
  `q27` tinyint(1) NOT NULL DEFAULT -1,
  `q28` tinyint(1) NOT NULL DEFAULT -1,
  `q29` tinyint(1) NOT NULL DEFAULT -1,
  `q30` tinyint(1) NOT NULL DEFAULT -1,
  `q31` tinyint(1) NOT NULL DEFAULT -1,
  `q32` tinyint(1) NOT NULL DEFAULT -1,
  `q33` tinyint(1) NOT NULL DEFAULT -1,
  `q34` tinyint(1) NOT NULL DEFAULT -1,
  `q35` tinyint(1) NOT NULL DEFAULT -1,
  `q36` tinyint(1) NOT NULL DEFAULT -1,
  `q37` tinyint(1) NOT NULL DEFAULT -1,
  `q38` tinyint(1) NOT NULL DEFAULT -1,
  `q39` tinyint(1) NOT NULL DEFAULT -1,
  `q40` tinyint(1) NOT NULL DEFAULT -1,
  `q41` tinyint(1) NOT NULL DEFAULT -1,
  `q42` tinyint(1) NOT NULL DEFAULT -1,
  `q43` tinyint(1) NOT NULL DEFAULT -1,
  `q44` tinyint(1) NOT NULL DEFAULT -1,
  `q45` tinyint(1) NOT NULL DEFAULT -1,
  `q46` tinyint(1) NOT NULL DEFAULT -1,
  `q47` tinyint(1) NOT NULL DEFAULT -1,
  `q48` tinyint(1) NOT NULL DEFAULT -1,
  `q49` tinyint(1) NOT NULL DEFAULT -1,
  `q50` tinyint(1) NOT NULL DEFAULT -1,
  `q51` tinyint(1) NOT NULL DEFAULT -1,
  `q52` tinyint(1) NOT NULL DEFAULT -1,
  `q53` tinyint(1) NOT NULL DEFAULT -1,
  `q54` tinyint(1) NOT NULL DEFAULT -1,
  `q55` tinyint(1) NOT NULL DEFAULT -1,
  `q56` tinyint(1) NOT NULL DEFAULT -1,
  `q57` tinyint(1) NOT NULL DEFAULT -1,
  `q58` tinyint(1) NOT NULL DEFAULT -1,
  `q59` tinyint(1) NOT NULL DEFAULT -1,
  `q60` tinyint(1) NOT NULL DEFAULT -1,
  `q61` tinyint(1) NOT NULL DEFAULT -1,
  `q62` tinyint(1) NOT NULL DEFAULT -1,
  `q63` tinyint(1) NOT NULL DEFAULT -1,
  `q64` tinyint(1) NOT NULL DEFAULT -1,
  `q65` tinyint(1) NOT NULL DEFAULT -1,
  `q66` tinyint(1) NOT NULL DEFAULT -1,
  `q67` tinyint(1) NOT NULL DEFAULT -1,
  `q68` tinyint(1) NOT NULL DEFAULT -1,
  `q69` tinyint(1) NOT NULL DEFAULT -1,
  `q70` tinyint(1) NOT NULL DEFAULT -1,
  `q71` tinyint(1) NOT NULL DEFAULT -1,
  `q72` tinyint(1) NOT NULL DEFAULT -1,
  `q73` tinyint(1) NOT NULL DEFAULT -1,
  `q74` tinyint(1) NOT NULL DEFAULT -1,
  `q75` tinyint(1) NOT NULL DEFAULT -1,
  `q76` tinyint(1) NOT NULL DEFAULT -1,
  `q77` tinyint(1) NOT NULL DEFAULT -1,
  `q78` tinyint(1) NOT NULL DEFAULT -1,
  `q79` tinyint(1) NOT NULL DEFAULT -1,
  `q80` tinyint(1) NOT NULL DEFAULT -1,
  `q81` tinyint(1) NOT NULL DEFAULT -1,
  `q82` tinyint(1) NOT NULL DEFAULT -1,
  `q83` tinyint(1) NOT NULL DEFAULT -1,
  `q84` tinyint(1) NOT NULL DEFAULT -1,
  `q85` tinyint(1) NOT NULL DEFAULT -1,
  `q86` tinyint(1) NOT NULL DEFAULT -1,
  `q87` tinyint(1) NOT NULL DEFAULT -1,
  `q88` tinyint(1) NOT NULL DEFAULT -1,
  `q89` tinyint(1) NOT NULL DEFAULT -1,
  `q90` tinyint(1) NOT NULL DEFAULT -1,
  `q91` tinyint(1) NOT NULL DEFAULT -1,
  `q92` tinyint(1) NOT NULL DEFAULT -1,
  `q93` tinyint(1) NOT NULL DEFAULT -1,
  `q94` tinyint(1) NOT NULL DEFAULT -1,
  `q95` tinyint(1) NOT NULL DEFAULT -1,
  `q96` tinyint(1) NOT NULL DEFAULT -1,
  `q97` tinyint(1) NOT NULL DEFAULT -1,
  `q98` tinyint(1) NOT NULL DEFAULT -1,
  `q99` tinyint(1) NOT NULL DEFAULT -1,
  `q100` tinyint(1) NOT NULL DEFAULT -1,
  `q101` tinyint(1) NOT NULL DEFAULT -1,
  `q102` tinyint(1) NOT NULL DEFAULT -1,
  `q103` tinyint(1) NOT NULL DEFAULT -1,
  `q104` tinyint(1) NOT NULL DEFAULT -1,
  `q105` tinyint(1) NOT NULL DEFAULT -1,
  `q106` tinyint(1) NOT NULL DEFAULT -1,
  `q107` tinyint(1) NOT NULL DEFAULT -1,
  `q108` tinyint(1) NOT NULL DEFAULT -1,
  `q109` tinyint(1) NOT NULL DEFAULT -1,
  `q110` tinyint(1) NOT NULL DEFAULT -1,
  `q111` tinyint(1) NOT NULL DEFAULT -1,
  `q112` tinyint(1) NOT NULL DEFAULT -1,
  `q113` tinyint(1) NOT NULL DEFAULT -1,
  `q114` tinyint(1) NOT NULL DEFAULT -1,
  `q115` tinyint(1) NOT NULL DEFAULT -1,
  `q116` tinyint(1) NOT NULL DEFAULT -1,
  `q117` tinyint(1) NOT NULL DEFAULT -1,
  `q118` tinyint(1) NOT NULL DEFAULT -1,
  `q119` tinyint(1) NOT NULL DEFAULT -1,
  `q120` tinyint(1) NOT NULL DEFAULT -1,
  `biz_idea` text DEFAULT NULL
) ENGINE=InnoDB DEFAULT CHARSET=latin1;

--
-- Dumping data for table `psy_answers`
--

INSERT INTO `psy_answers` (`id`, `can_id`, `bat_id`, `column1`, `column2`, `column3`, `column4`, `status`, `finished_at`, `answer_status`, `answer_status2`, `overall_status`, `answer_last_saved`, `question_last_saved`, `answer_last_saved2`, `created_at`, `updated_at`, `q1`, `q2`, `q3`, `q4`, `q5`, `q6`, `q7`, `q8`, `q9`, `q10`, `q11`, `q12`, `q13`, `q14`, `q15`, `q16`, `q17`, `q18`, `q19`, `q20`, `q21`, `q22`, `q23`, `q24`, `q25`, `q26`, `q27`, `q28`, `q29`, `q30`, `q31`, `q32`, `q33`, `q34`, `q35`, `q36`, `q37`, `q38`, `q39`, `q40`, `q41`, `q42`, `q43`, `q44`, `q45`, `q46`, `q47`, `q48`, `q49`, `q50`, `q51`, `q52`, `q53`, `q54`, `q55`, `q56`, `q57`, `q58`, `q59`, `q60`, `q61`, `q62`, `q63`, `q64`, `q65`, `q66`, `q67`, `q68`, `q69`, `q70`, `q71`, `q72`, `q73`, `q74`, `q75`, `q76`, `q77`, `q78`, `q79`, `q80`, `q81`, `q82`, `q83`, `q84`, `q85`, `q86`, `q87`, `q88`, `q89`, `q90`, `q91`, `q92`, `q93`, `q94`, `q95`, `q96`, `q97`, `q98`, `q99`, `q100`, `q101`, `q102`, `q103`, `q104`, `q105`, `q106`, `q107`, `q108`, `q109`, `q110`, `q111`, `q112`, `q113`, `q114`, `q115`, `q116`, `q117`, `q118`, `q119`, `q120`, `biz_idea`) VALUES
(12, 3, 1, 'MGSEB', '', '', '', 0, 1626665629, 3, 0, 3, '11:45', 120, NULL, 0, 0, 0, 1, 0, 0, 1, 0, 1, 0, 1, 0, 1, 0, 0, 1, 0, 1, 0, 1, 1, 1, 0, 1, 0, 1, 0, 1, 0, 1, 0, 1, 0, 1, 0, 1, 0, 1, 0, 1, 0, 1, 1, 1, 1, 1, 1, 1, 0, 1, 0, 1, 0, 1, 0, 1, 0, 1, 0, 1, 0, 1, 0, 1, 0, 1, 1, 1, 1, 0, 1, 1, 0, 1, 0, 1, 1, 1, 0, 1, 1, 1, 1, 1, 0, 1, 0, 1, 0, 1, 0, 1, 0, 1, 1, 1, 1, 0, 1, 0, 1, 1, 1, 1, 0, 1, 0, 1, 0, 1, 0, 1, 0, 1, 0, 1, 0, 1, 1, 1, 1, 1, NULL),
(13, 4, 1, 'JSM', '', '', '', 0, 1627281615, 3, 0, 3, '00:00', 120, NULL, 0, 0, 0, 0, 0, 0, 0, 0, 0, 0, 0, 0, 0, 0, 0, 0, 0, 1, 0, 0, 0, 0, 0, 1, 0, 0, 0, 0, 0, 1, 0, 0, 0, 1, 1, 1, 0, 0, 0, 1, 1, 1, 1, 0, 0, 1, 1, 1, 1, 1, 1, 0, 1, 1, 0, 0, 1, 0, 0, 1, 1, 0, 0, 0, 0, 0, 0, 1, 0, 0, 1, 0, 0, 1, 0, 0, 1, 0, 0, 0, 0, 0, 0, 0, 0, 1, 0, 0, 0, 0, 0, 1, 1, 1, 1, 1, 0, 1, 1, 1, 1, 1, 1, 1, 1, 0, 1, 1, 1, 0, 1, 1, 0, 1, 1, 1, 1, 1, 1, 1, 1, 1, NULL),
(14, 5, 1, 'PPN PULAU PINANG', '', '', '', 0, 1627281797, 3, 0, 3, '06:30', 120, NULL, 0, 0, 0, 0, 0, 0, 0, 0, 0, 0, 0, 0, 0, 0, 0, 0, 0, 1, 0, 0, 0, 0, 1, 1, 0, 0, 0, 0, 0, 1, 1, 0, 1, 1, 1, 1, 0, 1, 0, 1, 1, 1, 1, 1, 1, 1, 1, 1, 1, 1, 1, 0, 1, 1, 1, 1, 1, 1, 1, 1, 0, 0, 0, 0, 0, 0, 0, 0, 0, 0, 0, 0, 0, 1, 0, 0, 1, 0, 0, 0, 0, 0, 0, 0, 1, 1, 0, 0, 0, 0, 0, 1, 1, 1, 1, 1, 1, 1, 0, 0, 1, 1, 1, 1, 1, 1, 1, 1, 0, 1, 1, 0, 0, 0, 0, 1, 1, 1, 1, 1, 1, 1, NULL),
(15, 6, 1, 'PTPTN', '', '', '', 0, 1627282962, 3, 0, 3, '00:00', 120, NULL, 0, 0, 0, 0, 0, 0, 0, 0, 0, 0, 0, 0, 1, 0, 0, 0, 0, 1, 0, 0, 0, 0, 0, 1, 0, 0, 0, 0, 0, 0, 0, 0, 0, 1, 1, 1, 1, 0, 0, 1, 0, 1, 1, 0, 0, 1, 0, 1, 1, 0, 1, 0, 0, 1, 1, 0, 1, 0, 1, 0, 1, 0, 0, 0, 0, 0, 1, 0, 0, 0, 0, 0, 0, 1, 0, 0, 1, 0, 0, 1, 0, 0, 0, 0, 0, 1, 0, 0, 0, 0, 0, 0, 1, 1, 1, 1, 1, 1, 1, 1, 1, 1, 1, 1, 1, 1, 1, 1, 1, 1, 1, 1, 1, 1, 1, 1, 1, 1, 1, 1, 1, 1, NULL),
(16, 7, 1, 'JABATAN KHIDMAT PENGURUSAN', '', '', '', 0, 1627282398, 3, 0, 3, '08:30', 120, NULL, 0, 0, 0, 0, 0, 0, 0, 0, 0, 0, 0, 0, 0, 0, 0, 0, 0, 0, 0, 0, 0, 0, 0, 0, 0, 0, 0, 0, 0, 0, 1, 0, 0, 1, 1, 1, 1, 0, 0, 1, 1, 1, 1, 0, 0, 0, 0, 1, 1, 1, 1, 0, 1, 0, 0, 1, 1, 1, 0, 0, 1, 1, 0, 0, 0, 0, 0, 0, 0, 0, 0, 0, 0, 0, 0, 0, 0, 0, 0, 0, 0, 0, 0, 0, 0, 0, 0, 0, 0, 0, 0, 0, 1, 1, 1, 1, 0, 1, 0, 0, 1, 1, 1, 1, 1, 0, 0, 0, 0, 0, 1, 0, 0, 0, 1, 1, 0, 0, 1, 0, 0, 0, NULL),
(17, 8, 1, 'PPNP', '', '', '', 0, 1627282529, 3, 0, 3, '07:00', 120, NULL, 0, 0, 1, 0, 1, 0, 0, 0, 0, 0, 0, 0, 1, 1, 1, 1, 1, 1, 0, 0, 1, 0, 1, 1, 1, 1, 1, 1, 1, 1, 1, 1, 0, 1, 1, 1, 1, 0, 0, 1, 1, 1, 1, 1, 1, 1, 1, 1, 1, 1, 1, 0, 0, 1, 1, 1, 1, 1, 1, 1, 0, 1, 0, 0, 0, 0, 1, 1, 1, 0, 0, 1, 0, 1, 0, 0, 1, 0, 0, 1, 0, 1, 0, 0, 0, 1, 0, 1, 1, 0, 1, 0, 1, 1, 1, 1, 0, 1, 0, 1, 1, 1, 1, 0, 1, 1, 0, 0, 0, 1, 1, 0, 1, 0, 0, 1, 1, 1, 1, 1, 1, 1, NULL),
(18, 9, 1, 'PTPTN', '', '', '', 0, 1627286122, 3, 0, 3, '10:42', 120, NULL, 0, 0, 0, 0, 0, 0, 0, 0, 0, 0, 0, 0, 0, 0, 0, 0, 0, 1, 0, 0, 0, 0, 1, 1, 0, 0, 1, 1, 0, 0, 0, 0, 0, 0, 1, 1, 1, 1, 1, 1, 1, 1, 1, 0, 0, 1, 0, 1, 1, 1, 1, 0, 1, 1, 1, 1, 1, 1, 1, 1, 0, 0, 0, 0, 0, 0, 0, 1, 0, 0, 1, 1, 0, 1, 0, 1, 1, 1, 1, 1, 0, 0, 1, 0, 1, 1, 1, 0, 0, 1, 0, 1, 1, 1, 1, 1, 1, 1, 1, 1, 1, 1, 1, 1, 1, 0, 1, 0, 1, 0, 1, 1, 1, 1, 1, 1, 1, 1, 1, 1, 1, 1, NULL),
(19, 10, 1, 'JABATAN KOMUNIKASI KORPORAT & PEMASARAN', '', '', '', 0, 1627282848, 3, 0, 3, '08:20', 120, NULL, 0, 0, 1, 0, 1, 0, 0, 0, 0, 1, 0, 0, 1, 0, 1, 1, 0, 1, 0, 0, 1, 1, 1, 1, 0, 1, 1, 1, 1, 1, 1, 1, 1, 1, 1, 1, 1, 1, 1, 1, 1, 1, 1, 0, 1, 1, 1, 1, 1, 1, 1, 1, 1, 1, 1, 1, 1, 1, 1, 1, 1, 1, 1, 1, 1, 1, 1, 1, 1, 0, 1, 1, 0, 1, 0, 0, 1, 1, 1, 1, 1, 1, 1, 1, 1, 1, 1, 1, 1, 1, 1, 1, 1, 1, 1, 1, 1, 1, 1, 1, 1, 1, 1, 1, 1, 1, 1, 1, 1, 1, 1, 1, 1, 1, 1, 1, 1, 1, 1, 1, 1, 1, NULL),
(20, 11, 1, 'JABATAN DASAR', '', '', '', 0, 1627284512, 3, 0, 3, '05:26', 120, NULL, 0, 0, 0, 0, 0, 0, 0, 0, 0, 1, 0, 0, 1, 0, 1, 0, 0, 1, 0, 0, 0, 1, 0, 1, 0, 0, 0, 1, 0, 0, 0, 0, 0, 1, 1, 1, 0, 1, 0, 1, 1, 1, 1, 0, 1, 1, 0, 0, 0, 0, 0, 0, 0, 0, 1, 0, 0, 1, 0, 0, 1, 0, 0, 0, 0, 0, 1, 0, 0, 0, 0, 0, 0, 1, 0, 0, 1, 0, 0, 1, 0, 1, 0, 0, 0, 1, 0, 0, 0, 0, 0, 0, 1, 1, 1, 0, 0, 1, 1, 1, 1, 1, 0, 0, 1, 1, 0, 1, 0, 1, 1, 0, 0, 0, 1, 0, 0, 1, 0, 1, 1, 0, NULL),
(21, 12, 1, 'JABATAN KEWANGAN DAN AKAUN', '', '', '', 0, NULL, 1, 0, 1, '07:56', 95, NULL, 0, 0, 0, 0, 0, 0, 0, 0, 0, 1, 0, 0, 1, 0, 1, 1, 0, 1, 0, 0, 0, 0, 1, 1, 0, 1, 1, 1, 1, 0, 1, 0, 1, 1, 0, 1, 1, 1, 1, 1, 1, 1, 0, 0, 1, 1, 0, 1, 1, 1, 1, 0, 1, 1, 1, 1, 1, 1, 1, 0, 1, 1, 0, 0, 0, 0, 1, 0, 0, 0, 0, 0, 0, 1, 0, 0, 1, 0, 0, 0, 0, 1, 1, 0, 0, 1, 0, 0, 0, 0, 0, 0, 1, 1, 1, 0, -1, -1, -1, -1, -1, -1, -1, -1, -1, -1, -1, -1, -1, -1, -1, -1, -1, -1, -1, -1, -1, -1, -1, -1, -1, -1, NULL),
(22, 13, 1, 'PTPTN NEGERI PERAK', '', '', '', 0, 1627283262, 3, 0, 3, '05:51', 120, NULL, 0, 0, 1, 1, 1, 0, 0, 0, 0, 0, 0, 0, 0, 0, 0, 0, 0, 1, 0, 0, 0, 0, 0, 1, 0, 0, 0, 0, 0, 0, 1, 0, 0, 0, 0, 0, 0, 0, 0, 0, 0, 0, 0, 0, 1, 0, 0, 0, 1, 0, 0, 0, 1, 1, 0, 0, 0, 1, 0, 0, 1, 0, 0, 0, 0, 0, 0, 1, 1, 0, 1, 1, 0, 0, 0, 0, 1, 0, 0, 0, 0, 1, 0, 0, 0, 1, 0, 0, 0, 1, 0, 1, 1, 1, 1, 1, 0, 1, 1, 0, 1, 1, 1, 1, 1, 1, 0, 0, 0, 1, 1, 0, 1, 0, 1, 1, 0, 1, 1, 1, 1, 1, NULL),
(23, 14, 1, 'PTPTN', '', '', '', 0, 1627283060, 3, 0, 3, '09:35', 120, NULL, 0, 0, 0, 0, 0, 0, 0, 0, 0, 0, 0, 0, 0, 0, 0, 0, 0, 1, 0, 0, 0, 0, 1, 1, 0, 1, 1, 1, 1, 1, 1, 1, 1, 1, 1, 1, 1, 1, 1, 1, 1, 1, 1, 1, 1, 1, 1, 1, 1, 1, 1, 0, 1, 0, 0, 0, 0, 0, 0, 0, 1, 0, 0, 0, 0, 0, 1, 0, 0, 0, 0, 0, 0, 1, 0, 0, 1, 1, 1, 1, 0, 1, 1, 1, 1, 1, 1, 1, 1, 1, 1, 1, 1, 1, 1, 1, 1, 1, 1, 1, 1, 1, 1, 1, 1, 0, 1, 1, 1, 1, 1, 1, 0, 1, 1, 1, 0, 0, 1, 0, 0, 0, NULL),
(24, 15, 1, 'JABATAN KOMUNIKASI KORPORAT DAN PEMASARAN', '', '', '', 0, 1627283397, 3, 0, 3, '09:43', 120, NULL, 0, 0, 0, 0, 0, 0, 0, 0, 0, 0, 0, 0, 1, 0, 0, 0, 0, 1, 0, 0, 0, 0, 0, 1, 0, 0, 0, 1, 0, 0, 0, 0, 0, 1, 0, 1, 1, 0, 0, 1, 1, 1, 1, 0, 0, 0, 0, 0, 1, 1, 1, 0, 1, 0, 0, 0, 1, 0, 0, 0, 1, 0, 0, 0, 0, 0, 0, 0, 0, 0, 0, 0, 0, 0, 0, 0, 0, 0, 0, 0, 0, 0, 0, 0, 0, 0, 0, 0, 0, 0, 0, 0, 1, 1, 1, 1, 0, 1, 0, 0, 1, 1, 1, 0, 1, 0, 0, 0, 0, 0, 1, 0, 1, 0, 0, 1, 0, 1, 1, 0, 1, 1, NULL),
(25, 16, 1, 'JABATAN PEROLEHAN', '', '', '', 0, 1627283794, 3, 0, 3, '06:51', 120, NULL, 0, 0, 1, 1, 0, 1, 0, 1, 1, 0, 0, 1, 0, 0, 0, 1, 0, 1, 0, 0, 0, 0, 1, 1, 0, 1, 1, 1, 1, 0, 0, 0, 1, 1, 1, 1, 1, 1, 1, 1, 1, 1, 0, 1, 1, 1, 1, 1, 1, 1, 1, 0, 1, 1, 1, 1, 1, 1, 1, 1, 1, 1, 0, 0, 0, 0, 1, 1, 1, 0, 1, 1, 1, 1, 0, 0, 1, 0, 0, 0, 0, 1, 1, 1, 0, 1, 0, 0, 0, 0, 0, 0, 1, 1, 1, 1, 1, 1, 0, 0, 1, 1, 1, 0, 1, 1, 0, 1, 1, 1, 1, 1, 1, 0, 1, 1, 1, 1, 1, 1, 1, 1, NULL),
(26, 17, 1, 'JABATAN SUMBER MANUSIA', '', '', '', 0, 1627284172, 3, 0, 3, '08:05', 120, NULL, 0, 0, 0, 0, 1, 1, 1, 1, 0, 1, 1, 0, 1, 0, 0, 1, 0, 1, 0, 0, 1, 0, 1, 1, 1, 0, 0, 0, 0, 0, 0, 0, 0, 1, 1, 1, 1, 0, 0, 1, 0, 1, 1, 0, 1, 1, 1, 1, 1, 1, 1, 0, 1, 1, 1, 1, 1, 1, 1, 1, 1, 1, 0, 0, 0, 1, 1, 0, 1, 1, 0, 1, 0, 1, 0, 1, 1, 0, 0, 0, 0, 1, 0, 0, 0, 1, 0, 0, 1, 1, 1, 0, 1, 1, 1, 1, 0, 1, 1, 1, 1, 1, 1, 1, 1, 1, 1, 1, 1, 1, 1, 1, 1, 0, 1, 1, 1, 1, 1, 1, 1, 1, NULL),
(27, 18, 1, 'Jkkp', '', '', '', 0, 1627285028, 3, 0, 3, '08:51', 120, NULL, 0, 0, 1, 1, 1, 0, 1, 0, 0, 1, 1, 0, 1, 1, 1, 1, 1, 1, 1, 1, 1, 1, 1, 0, 1, 1, 1, 1, 1, 1, 1, 1, 1, 1, 0, 1, 1, 1, 1, 0, 1, 1, 1, 0, 1, 0, 0, 1, 1, 0, 1, 0, 1, 0, 0, 0, 1, 1, 0, 0, 0, 0, 0, 0, 0, 1, 0, 1, 1, 1, 1, 1, 0, 1, 1, 1, 1, 1, 1, 1, 1, 1, 1, 0, 0, 0, 0, 1, 1, 1, 1, 1, 1, 1, 1, 1, 1, 1, 1, 1, 1, 1, 1, 0, 1, 1, 1, 1, 1, 1, 1, 0, 0, 1, 1, 1, 1, 1, 1, 1, 1, 1, NULL),
(28, 19, 1, 'JKKP', '', '', '', 0, 1627304848, 3, 0, 3, '08:35', 120, NULL, 0, 0, 0, 0, 0, 0, 1, 0, 0, 1, 0, 0, 1, 1, 1, 1, 1, 0, 1, 1, 1, 1, 1, 1, 1, 1, 1, 1, 1, 1, 1, 1, 1, 1, 1, 1, 1, 1, 0, 1, 1, 1, 1, 0, 1, 1, 1, 1, 1, 1, 1, 1, 1, 1, 0, 0, 1, 0, 1, 0, 1, 0, 1, 0, 0, 0, 0, 0, 0, 1, 1, 0, 0, 0, 0, 1, 1, 1, 0, 0, 1, 0, 0, 0, 0, 1, 0, 0, 1, 0, 0, 0, 1, 1, 1, 1, 1, 1, 1, 1, 1, 1, 1, 0, 1, 0, 1, 1, 1, 1, 1, 1, 1, 1, 1, 1, 1, 1, 1, 1, 1, 1, NULL),
(29, 20, 1, 'audit dalam', '', '', '', 0, 1627308436, 3, 0, 3, '08:31', 120, NULL, 0, 0, 0, 0, 0, 0, 0, 0, 0, 0, 0, 0, 0, 0, 0, 0, 0, 1, 0, 0, 0, 0, 0, 1, 0, 0, 0, 0, 0, 0, 0, 0, 0, 1, 0, 1, 1, 1, 0, 1, 1, 1, 1, 1, 0, 1, 0, 0, 1, 1, 1, 0, 1, 1, 0, 0, 0, 1, 0, 1, 1, 0, 0, 0, 0, 0, 0, 1, 0, 0, 1, 1, 0, 0, 0, 0, 1, 0, 0, 0, 0, 0, 0, 0, 0, 0, 0, 0, 0, 0, 0, 0, 1, 1, 1, 1, 0, 1, 0, 0, 0, 1, 1, 1, 1, 0, 0, 0, 0, 0, 1, 0, 0, 0, 1, 1, 0, 1, 0, 0, 0, 0, NULL),
(30, 21, 1, 'JABATAN DASAR, PTPTN', '', '', '', 0, 1627320180, 3, 0, 3, '00:00', 120, NULL, 0, 0, 1, 1, 1, 0, 1, 0, 0, 0, 1, 0, 1, 0, 1, 0, 0, 1, 0, 0, 0, 0, 1, 0, 1, 0, 0, 1, 1, 0, 0, 1, 0, 1, 1, 1, 0, 0, 0, 1, 1, 1, 0, 0, 1, 1, 0, 0, 1, 1, 1, 0, 1, 0, 0, 1, 1, 1, 1, 0, 1, 0, 0, 0, 0, 1, 1, 1, 0, 0, 1, 1, 0, 0, 0, 0, 1, 0, 0, 0, 0, 0, 0, 0, 0, 1, 0, 1, 1, 0, 1, 0, 1, 1, 1, 0, 0, 1, 0, 1, 1, 1, 1, 1, 1, 0, 1, 0, 0, 0, 1, 0, 1, 0, 1, 1, 1, 1, 1, 1, 1, 1, NULL),
(31, 22, 1, 'JABATAN KEWANGAN & AKAUN', '', '', '', 0, 1627329081, 3, 0, 3, '00:00', 120, NULL, 0, 0, 0, 0, 0, 0, 0, 0, 0, 0, 0, 0, 0, 0, 0, 0, 0, 1, 0, 0, 0, 0, 0, 1, 0, 0, 0, 1, 0, 0, 0, 0, 0, 1, 0, 1, 0, 1, 0, 0, 1, 1, 0, 0, 0, 0, 0, 1, 1, 0, 0, 0, 1, 0, 0, 1, 1, 0, 0, 0, 1, 1, 0, 0, 0, 0, 0, 0, 0, 0, 0, 0, 0, 1, 0, 0, 1, 1, 1, 1, 0, 1, 1, 0, 1, 1, 0, 0, 0, 0, 0, 0, 1, 1, 1, 1, 1, 1, 1, 1, 1, 1, 1, 1, 1, 0, 0, 0, 1, 1, 1, 1, 1, 1, 1, 1, 1, 1, 1, 1, 1, 1, NULL),
(32, 23, 1, 'PEJABAT PTPTN NEGERI KUALA LUMPUR', '', '', '', 0, 1627341781, 3, 0, 3, '08:10', 120, NULL, 0, 0, 1, 1, 0, 1, 1, 1, 1, 1, 0, 1, 0, 0, 0, 0, 0, 1, 0, 0, 0, 0, 0, 1, 1, 0, 0, 0, 0, 0, 0, 0, 0, 1, 1, 1, 1, 1, 0, 1, 1, 1, 1, 0, 1, 1, 1, 1, 1, 1, 1, 0, 0, 0, 1, 1, 1, 1, 0, 0, 0, 0, 1, 1, 1, 0, 0, 1, 1, 0, 1, 1, 0, 0, 0, 0, 0, 0, 0, 0, 0, 0, 0, 0, 0, 0, 0, 0, 0, 0, 0, 0, 1, 1, 1, 1, 0, 1, 1, 1, 1, 1, 1, 0, 1, 1, 1, 1, 1, 1, 1, 0, 0, 0, 0, 1, 0, 1, 0, 0, 1, 0, NULL),
(33, 24, 1, 'JABATAN KEWANGAN DAN AKAUN', '', '', '', 0, 1627345574, 3, 0, 3, '05:01', 120, NULL, 0, 0, 0, 0, 0, 0, 0, 0, 0, 0, 0, 0, 1, 0, 0, 1, 0, 1, 0, 0, 0, 0, 1, 1, 0, 0, 0, 1, 0, 0, 1, 0, 0, 1, 0, 1, 0, 1, 1, 1, 1, 1, 0, 0, 1, 1, 0, 1, 1, 0, 1, 0, 1, 1, 1, 1, 1, 1, 1, 1, 1, 1, 0, 0, 0, 0, 1, 0, 0, 0, 0, 0, 1, 1, 0, 0, 1, 0, 0, 0, 0, 1, 1, 0, 0, 1, 0, 0, 0, 0, 0, 1, 1, 1, 1, 0, 0, 1, 0, 0, 1, 1, 1, 1, 1, 0, 0, 1, 0, 1, 1, 0, 1, 0, 1, 1, 1, 1, 1, 1, 1, 1, NULL),
(34, 25, 1, 'Bahagian Audit Dalam', '', '', '', 0, 1627347829, 3, 0, 3, '05:14', 120, NULL, 0, 0, 0, 0, 0, 0, 0, 0, 0, 0, 0, 0, 0, 0, 0, 0, 0, 0, 0, 0, 0, 0, 1, 1, 1, 0, 0, 0, 0, 0, 0, 1, 0, 1, 0, 1, 1, 0, 0, 0, 0, 1, 0, 0, 1, 0, 0, 1, 1, 0, 1, 0, 1, 1, 0, 1, 1, 1, 1, 0, 0, 0, 0, 0, 0, 0, 0, 1, 0, 0, 0, 0, 0, 0, 0, 0, 1, 0, 0, 0, 0, 0, 0, 0, 0, 0, 0, 0, 0, 0, 0, 0, 1, 1, 1, 1, 0, 1, 1, 1, 1, 1, 1, 0, 1, 0, 0, 0, 0, 1, 1, 0, 0, 0, 0, 1, 1, 0, 0, 0, 1, 1, NULL),
(35, 26, 1, 'JABATAN OPERASI CAWANGAN', '', '', '', 0, 1627535083, 3, 0, 3, '08:03', 120, NULL, 0, 0, 0, 0, 0, 0, 0, 0, 0, 0, 0, 0, 0, 0, 0, 0, 0, 1, 0, 0, 0, 0, 0, 0, 0, 0, 0, 0, 0, 0, 0, 0, 0, 1, 0, 1, 0, 0, 0, 1, 0, 0, 1, 0, 0, 1, 1, 1, 1, 0, 1, 0, 1, 1, 0, 0, 0, 0, 0, 0, 1, 0, 0, 0, 0, 0, 1, 0, 0, 0, 0, 0, 0, 1, 0, 0, 1, 0, 0, 1, 0, 0, 0, 0, 0, 1, 0, 0, 0, 0, 0, 1, 1, 1, 1, 0, 1, 1, 0, 1, 1, 1, 1, 1, 1, 1, 1, 1, 1, 1, 1, 1, 0, 0, 1, 1, 1, 1, 1, 1, 0, 1, NULL),
(36, 27, 1, 'PERBADANAN TABUNG PENDIDIKAN TINGGI NASIONAL', '', '', '', 0, 1627349111, 3, 0, 3, '07:30', 120, NULL, 0, 0, 0, 0, 0, 0, 0, 0, 0, 0, 0, 0, 0, 0, 0, 0, 0, 1, 0, 0, 0, 0, 0, 1, 0, 0, 0, 0, 0, 1, 0, 0, 0, 1, 1, 1, 0, 0, 0, 1, 1, 1, 1, 0, 0, 1, 1, 1, 1, 1, 1, 0, 0, 0, 0, 0, 1, 1, 0, 0, 1, 0, 0, 0, 0, 0, 1, 0, 0, 0, 0, 0, 0, 1, 0, 0, 1, 0, 0, 0, 0, 0, 1, 0, 0, 0, 0, 0, 0, 0, 0, 0, 1, 1, 1, 0, 0, 1, 1, 1, 1, 1, 1, 1, 1, 1, 1, 1, 0, 0, 1, 0, 1, 0, 1, 1, 0, 1, 1, 1, 1, 0, NULL),
(37, 28, 1, 'PPNKL', '', '', '', 0, 1627349496, 3, 0, 3, '06:59', 120, NULL, 0, 0, 0, 0, 0, 0, 0, 0, 0, 0, 0, 0, 0, 0, 0, 0, 0, 0, 0, 0, 0, 0, 0, 0, 0, 0, 0, 0, 0, 0, 0, 0, 0, 0, 1, 0, 0, 1, 0, 1, 0, 1, 1, 0, 0, 1, 0, 1, 1, 1, 1, 0, 0, 1, 1, 1, 1, 1, 1, 1, 1, 0, 0, 0, 0, 0, 1, 0, 0, 0, 0, 0, 0, 1, 0, 0, 1, 0, 0, 0, 0, 0, 0, 0, 0, 0, 0, 0, 0, 0, 0, 0, 1, 1, 1, 0, 1, 1, 0, 0, 1, 1, 1, 1, 1, 1, 0, 1, 1, 0, 1, 0, 0, 0, 0, 1, 1, 1, 0, 1, 1, 1, NULL),
(38, 29, 1, 'PERBADANAN TABUNG PENDIDIKAN TINGGI NASIONAL', '', '', '', 0, 1627453965, 3, 0, 3, '00:00', 120, NULL, 0, 0, 0, 0, 0, 0, 0, 0, 0, 0, 0, 0, 0, 0, 0, 0, 0, 1, 0, 0, 0, 0, 0, 1, 0, 0, 0, 0, 0, 0, 0, 0, 0, 1, 0, 1, 0, 0, 0, 1, 0, 1, 0, 0, 1, 1, 0, 1, 1, 0, 1, 0, 0, 1, 0, 0, 1, 1, 1, 0, 1, 0, 0, 0, 0, 0, 1, 0, 0, 0, 0, 0, 0, 0, 0, 0, 1, 0, 1, 0, 0, 1, 1, 0, 0, 0, 0, 0, 0, 0, 0, 0, 1, 1, 1, 0, 0, 1, 1, 0, 0, 1, 1, 0, 1, 0, 0, 0, 0, 1, 1, 1, 1, 1, 1, 1, 1, 1, 1, 1, 1, 1, NULL),
(39, 30, 1, 'JABATAN TEKNOLOGI MAKLUMAT (JTM)', '', '', '', 0, 1627350909, 3, 0, 3, '06:01', 120, NULL, 0, 0, 0, 0, 0, 0, 0, 0, 0, 1, 0, 0, 1, 1, 1, 1, 1, 1, 1, 1, 1, 1, 0, 1, 1, 1, 1, 1, 1, 1, 0, 0, 1, 1, 1, 1, 1, 1, 0, 1, 0, 1, 0, 1, 1, 1, 0, 1, 1, 1, 1, 0, 1, 1, 1, 1, 1, 1, 1, 1, 1, 1, 0, 0, 0, 0, 1, 0, 0, 0, 0, 0, 0, 0, 0, 0, 1, 1, 1, 0, 0, 1, 0, 0, 0, 0, 0, 0, 0, 0, 0, 0, 1, 1, 1, 1, 1, 1, 1, 1, 0, 1, 1, 1, 1, 1, 0, 1, 1, 1, 1, 0, 1, 1, 1, 1, 1, 1, 1, 1, 1, 1, NULL),
(40, 31, 1, 'PTPTN', '', '', '', 0, 1627351817, 3, 0, 3, '02:11', 120, NULL, 0, 0, 0, 0, 0, 0, 0, 0, 1, 0, 0, 0, 1, 0, 0, 0, 1, 1, 0, 0, 0, 0, 1, 1, 0, 1, 1, 1, 0, 0, 0, 0, 0, 1, 0, 1, 0, 0, 0, 1, 0, 0, 1, 0, 0, 1, 1, 1, 1, 0, 1, 0, 0, 1, 0, 0, 1, 0, 0, 0, 1, 0, 0, 0, 0, 0, 1, 0, 0, 0, 0, 0, 0, 0, 0, 0, 1, 0, 0, 0, 0, 1, 1, 0, 0, 1, 0, 0, 0, 0, 0, 0, 1, 1, 1, 0, 1, 1, 0, 1, 1, 1, 1, 1, 1, 0, 1, 1, 1, 0, 1, 0, 0, 0, 1, 1, 0, 1, 1, 1, 1, 1, NULL),
(41, 32, 1, 'PTPTN', '', '', '', 0, 1627351675, 3, 0, 3, '08:25', 120, NULL, 0, 0, 0, 0, 0, 0, 0, 0, 0, 0, 0, 0, 0, 0, 0, 0, 0, 0, 0, 0, 0, 0, 0, 1, 0, 0, 0, 0, 0, 0, 1, 0, 1, 1, 1, 1, 0, 0, 0, 0, 0, 1, 0, 0, 0, 0, 1, 0, 1, 0, 1, 0, 0, 1, 1, 0, 0, 0, 1, 1, 1, 0, 0, 0, 0, 0, 0, 0, 0, 0, 0, 0, 0, 1, 1, 0, 1, 0, 0, 0, 0, 0, 1, 0, 0, 1, 0, 0, 0, 0, 0, 1, 1, 1, 1, 0, 1, 1, 0, 1, 0, 1, 1, 1, 1, 1, 1, 1, 1, 0, 1, 1, 0, 0, 1, 1, 1, 1, 1, 1, 1, 1, NULL),
(42, 33, 1, 'PTPTN', '', '', '', 0, 1627351960, 3, 0, 3, '08:51', 120, NULL, 0, 0, 1, 1, 0, 0, 0, 0, 1, 1, 0, 0, 1, 1, 0, 0, 0, 1, 0, 0, 0, 0, 1, 1, 0, 0, 1, 0, 0, 1, 0, 1, 0, 1, 1, 1, 1, 0, 1, 1, 0, 1, 1, 1, 1, 0, 1, 1, 1, 1, 1, 0, 1, 0, 0, 0, 1, 1, 0, 0, 1, 0, 0, 0, 1, 0, 1, 1, 1, 0, 1, 1, 1, 1, 0, 0, 1, 0, 0, 0, 0, 0, 1, 1, 0, 1, 0, 0, 1, 0, 0, 1, 1, 1, 1, 1, 0, 1, 1, 1, 1, 1, 1, 1, 1, 1, 0, 1, 1, 1, 1, 1, 0, 1, 1, 1, 0, 1, 1, 1, 1, 0, NULL),
(43, 34, 1, 'JABATAN KOMUNIKASI KORPORAT & PEMASARAN', '', '', '', 0, 1627354436, 3, 0, 3, '00:15', 120, NULL, 0, 0, 0, 0, 0, 0, 0, 0, 0, 0, 0, 0, 1, 0, 1, 1, 1, 1, 0, 1, 0, 1, 0, 1, 0, 0, 0, 0, 0, 1, 1, 0, 1, 1, 1, 1, 1, 1, 0, 1, 1, 1, 1, 1, 0, 1, 1, 1, 1, 1, 1, 0, 1, 0, 0, 1, 1, 1, 0, 0, 1, 1, 0, 0, 0, 0, 1, 0, 0, 0, 0, 0, 0, 1, 0, 0, 1, 1, 0, 1, 0, 1, 1, 1, 1, 1, 1, 0, 0, 0, 0, 1, 1, 1, 1, 0, 1, 1, 1, 1, 1, 1, 1, 1, 1, 1, 1, 1, 1, 0, 1, 1, 1, 1, 1, 1, 0, 1, 1, 1, 1, 1, NULL),
(44, 35, 1, 'joc/ppnwp', '', '', '', 0, 1627355178, 3, 0, 3, '05:15', 120, NULL, 0, 0, 0, 0, 0, 0, 0, 0, 0, 1, 0, 0, 1, 0, 0, 0, 0, 1, 0, 0, 0, 0, 1, 1, 0, 0, 0, 1, 0, 1, 0, 0, 1, 1, 1, 1, 1, 1, 0, 1, 1, 1, 1, 0, 0, 1, 1, 1, 1, 1, 1, 0, 1, 1, 0, 1, 1, 1, 1, 1, 1, 1, 0, 0, 0, 0, 1, 0, 0, 0, 0, 0, 0, 1, 0, 1, 1, 0, 0, 0, 0, 0, 1, 0, 0, 1, 0, 0, 0, 0, 0, 0, 1, 1, 1, 1, 1, 1, 1, 1, 1, 1, 1, 1, 1, 0, 0, 1, 1, 0, 1, 1, 0, 0, 1, 1, 1, 1, 1, 1, 1, 1, NULL),
(45, 36, 1, 'JKKP PTPTN', '', '', '', 0, 1627355190, 3, 0, 3, '07:04', 120, NULL, 0, 0, 1, 1, 1, 0, 0, 1, 1, 1, 1, 1, 1, 0, 1, 1, 0, 1, 0, 0, 1, 1, 1, 1, 1, 0, 0, 1, 0, 0, 0, 0, 0, 1, 1, 1, 1, 1, 0, 1, 1, 1, 1, 1, 1, 1, 1, 1, 1, 1, 1, 0, 1, 1, 1, 1, 1, 1, 0, 0, 1, 1, 0, 0, 1, 1, 1, 1, 1, 0, 1, 1, 1, 1, 0, 1, 1, 1, 0, 1, 1, 1, 1, 1, 1, 1, 0, 0, 1, 1, 1, 0, 1, 1, 1, 1, 1, 1, 1, 1, 1, 1, 1, 1, 1, 1, 1, 1, 1, 1, 1, 1, 1, 0, 1, 1, 1, 1, 1, 1, 1, 1, NULL),
(46, 37, 1, 'JABATAN DASAR', '', '', '', 0, 1627356652, 3, 0, 3, '05:36', 120, NULL, 0, 0, 1, 1, 0, 0, 1, 1, 1, 1, 0, 1, 1, 0, 1, 1, 1, 1, 1, 1, 1, 1, 1, 1, 1, 0, 0, 0, 1, 0, 0, 1, 0, 1, 1, 1, 0, 0, 0, 1, 1, 1, 1, 1, 1, 1, 1, 1, 0, 1, 1, 0, 0, 1, 1, 1, 1, 1, 1, 1, 1, 0, 0, 0, 0, 0, 1, 1, 1, 1, 1, 1, 0, 1, 0, 0, 1, 1, 0, 1, 0, 0, 0, 0, 0, 0, 0, 0, 0, 0, 0, 0, 1, 1, 1, 1, 0, 1, 0, 0, 1, 1, 0, 0, 1, 0, 1, 0, 1, 1, 1, 0, 1, 0, 1, 1, 1, 1, 1, 1, 1, 1, NULL),
(47, 38, 1, 'JABATAN KOMUNIKASI KORPORAT DAN PEMASARAN', '', '', '', 0, 1627357546, 3, 0, 3, '04:31', 120, NULL, 0, 0, 0, 0, 0, 0, 0, 0, 0, 0, 0, 0, 0, 0, 0, 0, 0, 1, 0, 0, 0, 0, 1, 1, 0, 0, 0, 1, 0, 0, 0, 0, 0, 1, 1, 1, 0, 1, 1, 1, 1, 1, 1, 1, 1, 1, 0, 1, 1, 1, 1, 0, 0, 0, 1, 1, 1, 1, 0, 0, 1, 1, 0, 0, 0, 0, 1, 1, 1, 0, 0, 1, 0, 1, 0, 0, 1, 0, 0, 0, 0, 0, 1, 0, 0, 1, 0, 0, 0, 0, 0, 0, 1, 1, 1, 0, 1, 1, 0, 1, 1, 1, 1, 0, 1, 1, 1, 1, 0, 1, 1, 0, 1, 0, 1, 1, 0, 1, 1, 1, 0, 1, NULL),
(48, 39, 1, 'PTPTN', '', '', '', 0, 1627357643, 3, 0, 3, '06:26', 120, NULL, 0, 0, 0, 0, 1, 0, 0, 0, 0, 0, 1, 0, 1, 0, 0, 0, 0, 1, 0, 0, 0, 0, 1, 1, 0, 0, 0, 0, 0, 0, 0, 0, 0, 1, 1, 1, 1, 0, 0, 0, 1, 1, 1, 1, 0, 0, 1, 1, 1, 1, 1, 0, 1, 1, 1, 1, 1, 0, 0, 0, 1, 1, 0, 0, 0, 0, 1, 1, 0, 0, 1, 1, 0, 1, 0, 0, 1, 0, 1, 1, 1, 1, 1, 0, 0, 1, 0, 0, 0, 0, 0, 0, 1, 1, 1, 1, 1, 1, 1, 1, 1, 1, 1, 1, 1, 1, 1, 1, 1, 1, 1, 1, 1, 1, 1, 1, 1, 1, 1, 1, 1, 1, NULL),
(49, 40, 1, 'PTPTN/PPNWP', '', '', '', 0, 1627358333, 3, 0, 3, '07:50', 120, NULL, 0, 0, 0, 0, 0, 0, 0, 0, 0, 0, 0, 0, 1, 0, 0, 0, 0, 1, 0, 0, 0, 0, 0, 1, 0, 0, 0, 0, 0, 0, 0, 0, 0, 1, 1, 1, 1, 0, 0, 0, 0, 1, 0, 0, 0, 0, 1, 1, 1, 1, 1, 0, 1, 1, 0, 0, 0, 0, 0, 0, 1, 0, 0, 0, 0, 0, 0, 1, 1, 0, 0, 1, 0, 1, 0, 0, 1, 0, 0, 0, 0, 0, 0, 0, 0, 0, 0, 0, 0, 0, 0, 0, 1, 1, 1, 1, 0, 1, 0, 0, 0, 1, 1, 0, 1, 1, 1, 1, 0, 0, 1, 0, 0, 0, 1, 1, 1, 1, 0, 1, 0, 1, NULL),
(50, 41, 1, 'PEJABAT PTPTN NEGERI KELANTAN', '', '', '', 0, 1627359066, 3, 0, 3, '06:11', 120, NULL, 0, 0, 1, 1, 1, 0, 1, 1, 0, 1, 0, 0, 1, 0, 0, 0, 0, 1, 0, 0, 0, 0, 1, 1, 1, 0, 0, 0, 0, 0, 0, 0, 0, 1, 1, 1, 1, 0, 0, 1, 0, 1, 1, 0, 1, 0, 1, 1, 1, 1, 1, 0, 0, 1, 1, 1, 0, 1, 1, 0, 1, 0, 0, 0, 1, 1, 0, 1, 1, 0, 0, 1, 0, 0, 0, 0, 1, 0, 0, 0, 0, 0, 0, 0, 0, 0, 0, 0, 0, 0, 0, 0, 1, 1, 1, 1, 0, 1, 1, 1, 0, 1, 1, 1, 1, 1, 1, 1, 1, 1, 1, 1, 1, 0, 1, 1, 1, 1, 1, 1, 1, 1, NULL),
(51, 42, 1, 'PTPTN - PPN KL SENTRAL', '', '', '', 0, 1627363129, 3, 0, 3, '08:30', 120, NULL, 0, 0, 0, 0, 0, 0, 0, 0, 0, 0, 0, 0, 0, 0, 0, 0, 0, 1, 0, 0, 0, 0, 1, 1, 0, 0, 0, 0, 1, 0, 0, 0, 0, 0, 0, 1, 0, 0, 0, 0, 0, 1, 0, 0, 0, 0, 0, 0, 0, 1, 0, 0, 0, 1, 0, 1, 0, 0, 0, 0, 1, 0, 0, 0, 0, 0, 1, 0, 0, 0, 1, 0, 0, 1, 0, 0, 1, 0, 0, 0, 0, 0, 0, 0, 0, 1, 0, 0, 0, 0, 0, 0, 1, 1, 1, 0, 1, 1, 0, 0, 0, 1, 0, 0, 1, 0, 1, 1, 0, 0, 0, 0, 1, 0, 1, 1, 1, 1, 0, 1, 0, 1, NULL),
(52, 43, 1, 'JABATAN KOMUNIKASI KORPORAT DAN PEMASARAN', '', '', '', 0, 1627365657, 3, 0, 3, '07:36', 120, NULL, 0, 0, 0, 0, 1, 0, 1, 0, 0, 1, 1, 0, 1, 1, 0, 0, 1, 1, 0, 1, 1, 1, 1, 1, 1, 1, 1, 1, 1, 0, 0, 1, 1, 0, 0, 1, 0, 0, 0, 0, 1, 0, 0, 1, 0, 0, 0, 1, 0, 0, 0, 0, 1, 1, 1, 1, 1, 1, 1, 1, 1, 1, 0, 0, 0, 1, 1, 0, 0, 1, 0, 0, 0, 1, 0, 0, 0, 1, 0, 1, 1, 1, 0, 0, 0, 0, 0, 1, 1, 1, 1, 0, 1, 1, 0, 0, 0, 1, 1, 0, 1, 1, 0, 0, 0, 0, 0, 0, 0, 1, 0, 0, 1, 1, 1, 1, 1, 1, 1, 1, 1, 1, NULL),
(53, 44, 1, 'KPT/PTPTN', '', '', '', 0, 1627370742, 3, 0, 3, '04:15', 120, NULL, 0, 0, 0, 0, 0, 0, 0, 0, 0, 0, 0, 0, 0, 0, 0, 0, 0, 0, 0, 0, 0, 0, 1, 1, 0, 0, 0, 1, 0, 0, 0, 0, 1, 1, 0, 1, 1, 1, 1, 1, 0, 1, 1, 1, 0, 0, 0, 0, 1, 1, 0, 0, 1, 1, 0, 1, 0, 0, 0, 0, 1, 1, 0, 0, 0, 0, 0, 0, 0, 0, 0, 0, 0, 0, 0, 0, 1, 0, 0, 0, 0, 0, 0, 0, 0, 0, 0, 0, 0, 0, 0, 0, 1, 1, 1, 1, 0, 1, 1, 1, 0, 1, 1, 1, 1, 0, 0, 0, 0, 0, 1, 0, 0, 0, 1, 1, 1, 1, 0, 0, 0, 0, NULL),
(54, 45, 1, 'JABATAN PENGUATKUASAAN BAYARAN BALIK PINJAMAN DAN LITIGASI', '', '', '', 0, 1627370982, 3, 0, 3, '07:40', 120, NULL, 0, 0, 0, 0, 1, 0, 0, 0, 0, 1, 0, 0, 1, 0, 0, 0, 0, 1, 0, 0, 0, 0, 1, 1, 1, 1, 1, 1, 1, 0, 1, 1, 1, 1, 1, 1, 1, 1, 1, 1, 1, 1, 1, 0, 1, 1, 0, 0, 1, 1, 1, 0, 1, 0, 1, 0, 1, 1, 0, 0, 1, 0, 0, 0, 0, 0, 0, 0, 0, 0, 0, 0, 0, 1, 0, 0, 1, 0, 0, 0, 0, 0, 1, 0, 0, 1, 0, 1, 0, 0, 0, 0, 0, 1, 1, 1, 0, 1, 1, 0, 0, 1, 1, 0, 1, 1, 0, 1, 0, 1, 1, 0, 1, 0, 1, 1, 0, 1, 1, 1, 1, 0, NULL),
(55, 46, 1, 'JABATAN OPERASI CAWANGAN', '', '', '', 0, 1627371239, 3, 0, 3, '05:46', 120, NULL, 0, 0, 0, 0, 0, 0, 0, 0, 0, 0, 0, 0, 0, 0, 0, 0, 0, 0, 0, 0, 0, 0, 0, 0, 0, 0, 0, 0, 0, 0, 1, 0, 0, 1, 0, 1, 0, 0, 0, 1, 0, 1, 0, 0, 0, 0, 0, 0, 1, 0, 0, 0, 0, 1, 0, 0, 1, 1, 0, 0, 1, 0, 0, 0, 0, 0, 0, 0, 0, 0, 0, 0, 0, 1, 0, 0, 1, 0, 0, 0, 0, 0, 0, 0, 0, 0, 0, 0, 0, 0, 0, 0, 1, 1, 1, 0, 0, 1, 0, 0, 0, 1, 1, 0, 0, 0, 0, 0, 0, 0, 0, 0, 0, 0, 1, 1, 0, 0, 0, 0, 0, 0, NULL),
(56, 47, 1, 'PTPTN', '', '', '', 0, 1627371425, 3, 0, 3, '02:11', 120, NULL, 0, 0, 0, 0, 0, 0, 0, 0, 0, 0, 0, 0, 0, 0, 0, 0, 0, 1, 0, 0, 0, 0, 0, 1, 0, 0, 0, 1, 0, 0, 0, 0, 0, 0, 1, 1, 0, 0, 0, 0, 0, 1, 0, 0, 0, 0, 0, 0, 1, 0, 0, 0, 1, 0, 0, 0, 1, 0, 0, 0, 1, 0, 0, 0, 0, 0, 0, 0, 0, 0, 0, 0, 0, 0, 0, 0, 1, 0, 0, 0, 0, 0, 0, 0, 0, 0, 0, 0, 0, 0, 0, 0, 1, 1, 1, 0, 0, 1, 0, 0, 0, 1, 1, 0, 1, 0, 0, 0, 0, 0, 0, 0, 0, 0, 1, 0, 0, 1, 0, 1, 1, 1, NULL),
(57, 48, 1, 'JABATAN TEKNOLOGI MAKLUMAT', '', '', '', 0, 1627377534, 3, 0, 3, '07:15', 120, NULL, 0, 0, 0, 0, 0, 0, 0, 0, 0, 0, 0, 0, 0, 0, 0, 0, 0, 1, 0, 0, 0, 0, 0, 0, 0, 0, 0, 0, 0, 0, 0, 0, 0, 1, 0, 1, 1, 0, 0, 0, 1, 0, 0, 0, 1, 0, 0, 1, 0, 0, 0, 0, 0, 0, 0, 0, 1, 1, 1, 0, 0, 0, 0, 0, 0, 0, 0, 0, 0, 0, 0, 0, 0, 0, 0, 0, 1, 0, 0, 0, 0, 1, 0, 0, 0, 1, 0, 0, 0, 0, 0, 0, 1, 1, 1, 1, 0, 1, 1, 0, 1, 1, 0, 0, 1, 1, 0, 1, 0, 1, 1, 0, 1, 0, 1, 0, 1, 1, 0, 1, 1, 1, NULL),
(58, 49, 1, 'PPN KEDAH', '', '', '', 0, 1627381082, 3, 0, 3, '00:00', 120, NULL, 0, 0, 0, 0, 0, 0, 0, 0, 0, 0, 0, 0, 1, 0, 1, 0, 0, 1, 0, 0, 0, 0, 0, 1, 0, 0, 0, 1, 0, 0, 0, 0, 0, 1, 1, 1, 0, 0, 0, 1, 0, 0, 0, 0, 0, 1, 1, 1, 1, 1, 1, 0, 0, 0, 0, 0, 0, 0, 0, 0, 0, 0, 0, 0, 0, 0, 0, 1, 0, 0, 0, 1, 1, 1, 0, 0, 1, 0, 0, 1, 0, 0, 0, 0, 0, 0, 0, 0, 0, 0, 0, 0, 1, 1, 1, 0, 0, 1, 0, 0, 1, 1, 1, 1, 1, 0, 0, 0, 0, 0, 1, 0, 1, 0, 1, 1, 0, 1, 0, 1, 1, 0, NULL),
(59, 50, 1, 'PTPTN NEGERI SARAWAK', '', '', '', 0, 1627393324, 3, 0, 3, '04:17', 120, NULL, 0, 0, 0, 0, 1, 0, 0, 0, 0, 1, 1, 0, 0, 0, 0, 0, 0, 1, 0, 0, 0, 0, 1, 1, 1, 1, 1, 1, 1, 1, 1, 1, 0, 1, 1, 1, 1, 1, 1, 1, 0, 1, 1, 0, 1, 1, 1, 1, 1, 1, 1, 0, 1, 1, 0, 1, 0, 0, 0, 0, 1, 1, 0, 0, 0, 1, 0, 0, 1, 0, 0, 0, 0, 0, 0, 0, 1, 0, 0, 0, 0, 0, 1, 1, 0, 1, 1, 0, 1, 0, 1, 0, 1, 1, 1, 1, 1, 1, 0, 1, 1, 1, 1, 0, 1, 1, 1, 0, 1, 1, 1, 1, 0, 0, 1, 1, 1, 1, 0, 1, 1, 1, NULL),
(60, 51, 1, 'JABATAN TEKNOLOGI MAKLUMAT', '', '', '', 0, 1627394006, 3, 0, 3, '10:21', 120, NULL, 0, 0, 0, 0, 1, 0, 1, 1, 0, 1, 0, 0, 1, 1, 1, 1, 1, 1, 0, 1, 1, 0, 1, 1, 0, 0, 0, 1, 1, 1, 0, 1, 1, 1, 1, 1, 1, 1, 1, 1, 1, 1, 1, 1, 1, 1, 1, 1, 1, 1, 1, 1, 1, 1, 1, 1, 1, 1, 1, 1, 1, 1, 0, 0, 0, 0, 1, 0, 0, 0, 0, 0, 0, 1, 1, 1, 1, 1, 1, 1, 1, 1, 1, 0, 0, 1, 0, 1, 1, 0, 1, 0, 1, 1, 1, 1, 1, 1, 1, 1, 1, 1, 1, 1, 1, 0, 1, 0, 1, 1, 1, 1, 0, 0, 1, 1, 1, 1, 1, 1, 1, 1, NULL),
(61, 52, 1, 'JOC', '', '', '', 0, 1627397006, 3, 0, 3, '00:00', 120, NULL, 0, 0, 1, 1, 0, 0, 1, 0, 0, 0, 0, 1, 1, 1, 1, 1, 0, 1, 1, 0, 0, 0, 0, 1, 0, 0, 0, 1, 0, 0, 1, 0, 0, 1, 0, 1, 0, 0, 0, 0, 1, 0, 1, 1, 0, 0, 0, 1, 1, 0, 1, 0, 0, 1, 1, 1, 1, 0, 1, 1, 0, 0, 1, 1, 1, 0, 0, 1, 0, 1, 1, 1, 1, 0, 0, 1, 1, 1, 1, 0, 1, 1, 0, 0, 0, 0, 0, 0, 0, 0, 0, 0, 1, 1, 1, 0, 0, 1, 0, 0, 1, 1, 1, 1, 1, 0, 0, 0, 0, 0, 1, 0, 1, 0, 0, 1, 1, 1, 0, 1, 1, 1, NULL),
(62, 53, 1, 'JKA', '', '', '', 0, 1627398490, 3, 0, 3, '05:01', 120, NULL, 0, 0, 0, 0, 0, 0, 0, 0, 0, 0, 0, 0, 1, 0, 0, 0, 0, 1, 0, 0, 0, 0, 0, 1, 0, 0, 0, 1, 0, 0, 0, 0, 1, 1, 1, 1, 1, 1, 0, 1, 1, 1, 1, 0, 1, 1, 1, 0, 1, 1, 1, 0, 1, 1, 1, 1, 1, 1, 1, 1, 1, 1, 0, 0, 0, 0, 1, 0, 0, 0, 0, 0, 0, 1, 0, 0, 1, 0, 0, 0, 0, 1, 1, 0, 0, 1, 0, 0, 0, 0, 0, 0, 1, 1, 1, 1, 1, 1, 1, 1, 1, 1, 1, 1, 1, 0, 0, 0, 0, 1, 1, 1, 1, 1, 1, 1, 1, 1, 1, 1, 1, 1, NULL),
(63, 54, 1, 'Jabatan Perolehan', '', '', '', 0, 1627401977, 3, 0, 3, '00:00', 120, NULL, 0, 0, 1, 1, 0, 1, 0, 0, 1, 0, 0, 1, 1, 0, 0, 0, 0, 1, 0, 0, 0, 0, 0, 0, 0, 0, 0, 0, 0, 0, 0, 0, 0, 1, 0, 1, 1, 0, 0, 1, 1, 1, 0, 0, 0, 1, 1, 1, 1, 1, 1, 0, 1, 1, 0, 0, 1, 0, 0, 1, 1, 0, 0, 1, 0, 0, 1, 1, 0, 0, 1, 1, 0, 0, 0, 0, 1, 0, 0, 0, 0, 0, 0, 0, 0, 1, 0, 0, 0, 0, 0, 0, 1, 1, 1, 1, 0, 1, 0, 0, 1, 1, 1, 1, 1, 0, 0, 0, 0, 0, 1, 0, 1, 0, 1, 1, 1, 1, 1, 1, 1, 0, NULL),
(64, 55, 1, 'PEJABAT PTPTN NEGERI WP KUALA LUMPUR', '', '', '', 0, 1627434720, 3, 0, 3, '03:21', 120, NULL, 0, 0, 1, 1, 1, 0, 1, 1, 1, 1, 1, 1, 1, 1, 1, 1, 1, 1, 1, 1, 1, 1, 1, 1, 1, 0, 0, 1, 1, 1, 0, 1, 1, 1, 1, 1, 1, 1, 0, 1, 1, 1, 1, 1, 1, 1, 1, 1, 1, 1, 1, 0, 1, 1, 1, 1, 1, 1, 1, 1, 1, 1, 1, 1, 1, 1, 1, 1, 1, 1, 1, 1, 1, 1, 1, 1, 1, 1, 1, 1, 1, 1, 1, 0, 1, 1, 0, 1, 1, 1, 1, 0, 1, 1, 1, 1, 1, 1, 1, 1, 1, 1, 1, 1, 1, 1, 1, 1, 1, 1, 1, 1, 1, 1, 1, 1, 1, 1, 1, 1, 1, 1, NULL),
(65, 56, 1, 'PTPTN', '', '', '', 0, 1627434420, 3, 0, 3, '09:56', 120, NULL, 0, 0, 1, 1, 1, 0, 1, 1, 1, 1, 1, 1, 1, 1, 1, 1, 1, 1, 1, 1, 1, 0, 0, 0, 1, 1, 1, 1, 1, 0, 0, 0, 0, 1, 1, 1, 0, 1, 1, 1, 1, 1, 1, 1, 1, 1, 1, 1, 1, 1, 1, 1, 0, 1, 1, 1, 1, 1, 1, 1, 0, 1, 1, 1, 1, 1, 1, 1, 1, 1, 1, 1, 1, 0, 1, 1, 1, 1, 1, 1, 1, 1, 1, 1, 0, 0, 0, 0, 0, 0, 1, 0, 1, 1, 1, 0, 1, 1, 0, 1, 1, 1, 1, 1, 1, 1, 1, 1, 1, 1, 1, 1, 1, 0, 1, 1, 1, 1, 1, 1, 1, 1, NULL),
(66, 57, 1, 'BAHAGIAN KHIDMAT NASIHAT PERUNDANGAN', '', '', '', 0, 1627436289, 3, 0, 3, '02:30', 120, NULL, 0, 0, 0, 0, 0, 0, 0, 0, 0, 1, 0, 0, 1, 1, 1, 0, 0, 1, 0, 0, 0, 0, 1, 1, 0, 1, 1, 1, 0, 1, 1, 0, 1, 1, 0, 1, 1, 0, 0, 1, 1, 1, 0, 0, 0, 1, 0, 1, 1, 1, 1, 0, 1, 0, 0, 1, 0, 0, 0, 0, 1, 0, 0, 0, 0, 0, 1, 0, 0, 0, 0, 0, 0, 1, 0, 0, 1, 1, 1, 1, 1, 1, 1, 0, 1, 1, 0, 0, 0, 1, 1, 1, 1, 1, 1, 1, 0, 1, 1, 1, 1, 1, 1, 1, 1, 1, 1, 0, 1, 1, 1, 1, 1, 1, 1, 1, 1, 1, 0, 1, 1, 0, NULL),
(67, 58, 1, 'PTPTN', '', '', '', 0, 1627437327, 3, 0, 3, '03:31', 120, NULL, 0, 0, 1, 0, 1, 1, 0, 1, 0, 1, 1, 1, 1, 0, 0, 0, 0, 1, 0, 0, 1, 0, 1, 1, 1, 1, 1, 1, 1, 1, 1, 0, 0, 1, 1, 1, 1, 1, 1, 1, 1, 1, 1, 1, 1, 1, 1, 1, 1, 1, 1, 1, 1, 1, 1, 1, 1, 1, 1, 1, 1, 1, 0, 0, 0, 1, 1, 1, 1, 0, 1, 1, 1, 1, 1, 1, 1, 0, 0, 1, 1, 0, 1, 0, 0, 1, 0, 0, 0, 0, 0, 1, 1, 1, 1, 1, 1, 1, 1, 1, 1, 1, 1, 1, 1, 1, 1, 1, 1, 1, 1, 1, 1, 0, 1, 1, 1, 1, 1, 1, 1, 1, NULL),
(68, 59, 1, 'PTPTN', '', '', '', 0, NULL, 1, 0, 1, '08:05', 49, NULL, 0, 0, 1, 0, 1, 0, 0, 1, 0, 0, 1, 0, 0, 0, 0, 0, 0, 0, 0, 0, 1, 0, 1, 1, 0, 0, 0, 1, 0, 0, 0, 0, 0, 0, 0, 1, 0, 0, 0, 0, 0, 0, 0, 0, 0, 1, 0, 1, 1, 0, -1, -1, -1, -1, -1, -1, -1, -1, -1, -1, -1, -1, -1, -1, -1, -1, -1, -1, -1, -1, -1, -1, -1, -1, -1, -1, -1, -1, -1, -1, -1, -1, -1, -1, -1, -1, -1, -1, -1, -1, -1, -1, -1, -1, -1, -1, -1, -1, -1, -1, -1, -1, -1, -1, -1, -1, -1, -1, -1, -1, -1, -1, -1, -1, -1, -1, -1, -1, -1, -1, -1, -1, NULL),
(69, 60, 1, 'PTPTN', '', '', '', 0, 1627439531, 3, 0, 3, '08:01', 120, NULL, 0, 0, 0, 0, 0, 0, 0, 0, 0, 0, 0, 0, 1, 0, 1, 0, 0, 1, 0, 0, 0, 1, 1, 1, 0, 1, 0, 1, 1, 1, 1, 1, 0, 1, 0, 1, 1, 1, 1, 1, 1, 0, 0, 0, 1, 1, 0, 1, 1, 1, 1, 0, 0, 0, 0, 0, 1, 0, 0, 0, 0, 0, 0, 0, 0, 0, 0, 1, 1, 0, 1, 1, 0, 0, 0, 0, 1, 1, 1, 1, 1, 1, 1, 1, 1, 1, 1, 1, 1, 1, 1, 1, 1, 1, 1, 1, 1, 1, 1, 1, 1, 1, 1, 1, 1, 1, 1, 1, 0, 1, 1, 1, 1, 0, 1, 1, 0, 1, 1, 1, 1, 1, NULL),
(70, 61, 1, 'PTPTN', '', '', '', 0, 1627442228, 3, 0, 3, '02:15', 120, NULL, 0, 0, 1, 1, 1, 0, 0, 1, 0, 0, 1, 1, 1, 0, 0, 1, 0, 1, 0, 0, 0, 0, 0, 1, 0, 0, 0, 1, 1, 0, 0, 0, 0, 1, 1, 1, 1, 1, 0, 1, 1, 1, 1, 0, 1, 1, 0, 1, 1, 1, 1, 0, 0, 1, 1, 1, 1, 1, 1, 0, 1, 1, 0, 0, 1, 0, 1, 1, 1, 0, 1, 1, 0, 0, 0, 0, 1, 0, 0, 0, 0, 0, 0, 0, 0, 1, 0, 0, 0, 0, 0, 0, 1, 1, 1, 1, 1, 1, 1, 1, 1, 1, 1, 1, 1, 0, 1, 1, 1, 1, 1, 1, 1, 1, 1, 1, 1, 1, 1, 1, 1, 1, NULL),
(71, 62, 1, 'Bahagian Pembangunan Perniagaan', '', '', '', 0, 1627443757, 3, 0, 3, '07:15', 120, NULL, 0, 0, 0, 0, 0, 0, 0, 0, 0, 0, 0, 0, 0, 0, 0, 0, 0, 0, 0, 0, 0, 0, 1, 0, 0, 0, 0, 1, 0, 0, 0, 0, 0, 0, 0, 0, 1, 1, 0, 0, 0, 0, 0, 0, 0, 0, 0, 0, 0, 0, 0, 0, 0, 0, 0, 0, 0, 0, 0, 0, 0, 0, 0, 0, 0, 0, 0, 0, 0, 0, 0, 0, 0, 0, 0, 0, 0, 0, 0, 0, 0, 0, 0, 0, 0, 0, 0, 0, 1, 1, 0, 0, 1, 1, 0, 1, 1, 1, 1, 1, 0, 1, 0, 1, 1, 0, 1, 0, 0, 0, 1, 1, 0, 1, 0, 1, 0, 1, 1, 0, 0, 0, NULL),
(72, 63, 1, 'Jabatan Pembangunan Perniagaan', '', '', '', 0, 1627444057, 3, 0, 3, '05:20', 120, NULL, 0, 0, 1, 1, 1, 0, 0, 1, 0, 0, 0, 0, 1, 0, 0, 0, 0, 1, 0, 0, 0, 0, 1, 1, 1, 0, 0, 0, 0, 0, 0, 0, 0, 1, 0, 1, 1, 0, 0, 1, 1, 1, 1, 1, 0, 1, 1, 1, 1, 1, 1, 0, 1, 1, 0, 0, 0, 1, 0, 0, 1, 0, 0, 0, 0, 1, 1, 0, 1, 0, 0, 1, 0, 1, 0, 0, 1, 0, 0, 0, 0, 0, 0, 0, 1, 1, 0, 0, 0, 0, 1, 1, 1, 1, 1, 1, 0, 1, 1, 1, 1, 1, 1, 0, 1, 1, 1, 0, 1, 0, 1, 1, 1, 1, 1, 1, 1, 1, 1, 1, 1, 1, NULL),
(73, 64, 1, 'abatan Komunikasi Korporat dan Pemasaran', '', '', '', 0, 1627444162, 3, 0, 3, '07:05', 120, NULL, 0, 0, 0, 0, 0, 0, 1, 0, 0, 1, 0, 0, 1, 0, 0, 0, 0, 1, 0, 0, 0, 1, 0, 0, 0, 0, 0, 0, 0, 0, 0, 0, 0, 1, 1, 1, 1, 1, 0, 1, 0, 1, 1, 0, 0, 1, 0, 0, 1, 1, 0, 0, 0, 1, 1, 1, 0, 1, 1, 1, 0, 1, 0, 0, 0, 0, 1, 0, 0, 0, 0, 0, 0, 1, 1, 1, 1, 1, 1, 1, 1, 1, 0, 0, 0, 1, 0, 0, 0, 1, 0, 0, 1, 1, 1, 1, 1, 1, 1, 1, 1, 1, 1, 1, 1, 0, 0, 1, 1, 0, 1, 0, 0, 1, 0, 1, 1, 0, 1, 1, 1, 1, NULL),
(74, 65, 1, 'PTPTN/JPBL', '', '', '', 0, 1627445439, 3, 0, 3, '06:51', 120, NULL, 0, 0, 1, 1, 1, 1, 0, 1, 1, 1, 1, 1, 0, 0, 0, 0, 0, 1, 0, 0, 0, 0, 0, 0, 0, 0, 0, 0, 0, 0, 0, 0, 0, 1, 0, 1, 1, 0, 0, 0, 1, 1, 0, 0, 1, 0, 0, 1, 1, 0, 1, 0, 0, 0, 0, 1, 0, 1, 0, 0, 1, 0, 0, 1, 1, 1, 0, 1, 1, 0, 1, 1, 0, 1, 0, 0, 1, 1, 0, 0, 0, 0, 0, 0, 0, 1, 0, 0, 0, 0, 0, 0, 1, 1, 1, 0, 0, 1, 1, 1, 1, 1, 1, 1, 1, 1, 0, 1, 0, 1, 1, 0, 0, 1, 1, 1, 0, 1, 1, 1, 1, 1, NULL),
(75, 66, 1, 'JTM', '', '', '', 0, 1627445423, 3, 0, 3, '00:00', 120, NULL, 0, 0, 1, 1, 1, 1, 0, 1, 1, 0, 0, 0, 1, 0, 0, 0, 0, 1, 0, 0, 0, 0, 0, 0, 1, 0, 0, 0, 0, 0, 0, 0, 0, 1, 0, 1, 0, 0, 0, 1, 0, 1, 0, 1, 0, 1, 0, 1, 1, 1, 1, 0, 0, 1, 0, 1, 1, 0, 1, 1, 0, 0, 0, 1, 1, 1, 1, 1, 1, 0, 1, 1, 1, 1, 0, 0, 1, 0, 0, 0, 0, 0, 0, 0, 0, 0, 0, 0, 0, 0, 0, 0, 1, 1, 1, 1, 0, 1, 0, 0, 1, 1, 1, 1, 1, 0, 0, 0, 0, 0, 1, 0, 1, 0, 0, 1, 1, 1, 1, 1, 1, 0, NULL),
(76, 67, 1, 'PEJABAT PTPTN NEGERI WP KUALA LUMPUR', '', '', '', 0, 1627450092, 3, 0, 3, '02:00', 120, NULL, 0, 0, 0, 0, 0, 0, 0, 0, 0, 0, 0, 0, 0, 0, 0, 0, 0, 1, 0, 0, 0, 0, 0, 1, 0, 0, 0, 1, 0, 0, 0, 0, 0, 1, 1, 1, 1, 1, 0, 1, 1, 1, 1, 1, 1, 1, 1, 1, 1, 1, 1, 1, 0, 0, 0, 0, 1, 1, 0, 0, 0, 0, 0, 0, 0, 0, 0, 0, 0, 0, 0, 0, 0, 0, 0, 0, 1, 0, 0, 0, 0, 0, 0, 0, 0, 0, 0, 0, 0, 0, 0, 0, 1, 1, 1, 1, 1, 1, 1, 1, 1, 1, 1, 1, 1, 1, 1, 1, 1, 1, 1, 1, 1, 1, 1, 1, 1, 1, 0, 1, 1, 1, NULL),
(77, 68, 1, 'PPC RAWANG (RAWANG ONE)', '', '', '', 0, 1627451850, 3, 0, 3, '04:10', 120, NULL, 0, 0, 0, 0, 0, 0, 0, 0, 0, 0, 0, 0, 1, 0, 0, 0, 0, 1, 0, 0, 0, 0, 0, 0, 0, 0, 0, 0, 0, 0, 0, 0, 0, 1, 0, 1, 0, 0, 0, 1, 0, 0, 1, 0, 0, 1, 1, 1, 1, 1, 1, 0, 0, 0, 0, 0, 0, 1, 1, 0, 1, 0, 0, 0, 0, 0, 1, 0, 0, 0, 0, 0, 0, 1, 0, 0, 0, 0, 0, 0, 0, 0, 0, 0, 0, 0, 0, 0, 0, 0, 0, 0, 1, 1, 1, 0, 0, 1, 0, 0, 1, 1, 1, 0, 1, 1, 1, 0, 0, 0, 1, 0, 0, 0, 1, 1, 0, 1, 1, 1, 1, 1, NULL),
(78, 69, 1, 'PTPTN', '', '', '', 0, 1627454869, 3, 0, 3, '04:01', 120, NULL, 0, 0, 0, 0, 0, 0, 0, 0, 0, 0, 0, 0, 1, 0, 0, 0, 0, 1, 0, 0, 0, 0, 0, 1, 0, 0, 0, 0, 0, 0, 0, 0, 1, 1, 1, 0, 1, 1, 0, 1, 1, 1, 0, 0, 1, 1, 1, 1, 1, 1, 1, 0, 1, 0, 0, 0, 1, 1, 0, 0, 1, 1, 0, 0, 0, 0, 1, 0, 0, 0, 0, 0, 0, 1, 0, 0, 1, 0, 0, 0, 0, 0, 1, 0, 0, 1, 0, 0, 0, 0, 0, 0, 1, 1, 1, 1, 1, 1, 1, 1, 1, 1, 1, 1, 1, 1, 1, 1, 1, 1, 1, 1, 1, 0, 1, 1, 1, 1, 1, 1, 1, 1, NULL),
(79, 70, 1, 'JABATAN DASAR', '', '', '', 0, 1627461974, 3, 0, 3, '03:02', 120, NULL, 0, 0, 0, 0, 1, 0, 0, 0, 0, 0, 1, 0, 1, 1, 1, 0, 0, 1, 0, 0, 0, 0, 1, 1, 0, 0, 0, 1, 0, 0, 0, 0, 1, 0, 1, 1, 1, 1, 1, 0, 0, 1, 0, 0, 0, 0, 0, 1, 1, 1, 1, 0, 0, 0, 0, 0, 1, 0, 0, 0, 1, 1, 0, 0, 0, 1, 0, 1, 1, 0, 0, 1, 0, 1, 0, 0, 1, 0, 0, 0, 0, 0, 0, 0, 0, 1, 0, 0, 1, 1, 1, 0, 1, 1, 1, 1, 0, 1, 1, 1, 1, 1, 1, 1, 1, 0, 0, 0, 0, 0, 1, 0, 1, 0, 0, 1, 0, 1, 1, 1, 1, 0, NULL),
(80, 71, 1, 'JPBL', '', '', '', 0, 1627483487, 3, 0, 3, '07:56', 120, NULL, 0, 0, 0, 0, 0, 0, 0, 0, 0, 0, 0, 0, 1, 0, 0, 0, 0, 1, 0, 0, 0, 1, 0, 1, 0, 0, 0, 1, 0, 1, 0, 0, 0, 1, 0, 1, 0, 1, 0, 0, 1, 0, 0, 0, 0, 0, 0, 0, 0, 0, 0, 0, 0, 0, 0, 0, 1, 0, 0, 0, 0, 0, 0, 0, 0, 0, 1, 0, 0, 0, 0, 0, 1, 1, 0, 0, 1, 0, 0, 0, 0, 1, 0, 0, 0, 1, 0, 0, 0, 1, 0, 0, 1, 1, 1, 0, 1, 1, 0, 1, 1, 1, 0, 0, 1, 0, 0, 0, 0, 0, 0, 1, 1, 1, 1, 0, 0, 1, 1, 1, 1, 0, NULL),
(81, 72, 1, 'JABATAN PEROLEHAN', '', '', '', 0, 1627490352, 3, 0, 3, '00:00', 120, NULL, 0, 0, 1, 1, 1, 1, 1, 1, 0, 1, 1, 1, 1, 1, 1, 1, 0, 1, 0, 0, 1, 1, 1, 1, 1, 1, 1, 1, 1, 1, 0, 1, 0, 1, 1, 1, 0, 1, 0, 0, 1, 1, 0, 1, 1, 0, 0, 1, 1, 1, 1, 0, 0, 0, 1, 1, 1, 1, 1, 0, 1, 0, 0, 1, 1, 1, 1, 1, 1, 1, 1, 1, 1, 1, 0, 0, 1, 1, 1, 1, 0, 1, 1, 0, 1, 1, 1, 0, 1, 1, 1, 0, 1, 1, 1, 0, 1, 1, 1, 1, 1, 1, 1, 0, 1, 1, 0, 1, 1, 1, 1, 0, 1, 0, 1, 1, 1, 1, 0, 1, 1, 1, NULL),
(82, 73, 1, 'PTPTN', '', '', '', 0, 1627522054, 3, 0, 3, '02:31', 120, NULL, 0, 0, 0, 0, 0, 0, 0, 0, 0, 1, 0, 0, 1, 0, 0, 0, 0, 1, 1, 1, 1, 1, 0, 1, 0, 1, 1, 1, 1, 0, 0, 1, 0, 1, 1, 1, 1, 1, 1, 1, 1, 1, 1, 1, 1, 1, 0, 0, 0, 1, 1, 0, 1, 1, 0, 1, 1, 1, 1, 1, 1, 0, 0, 0, 0, 1, 1, 1, 1, 1, 1, 1, 1, 1, 1, 1, 1, 1, 0, 1, 1, 0, 1, 0, 0, 1, 1, 1, 1, 0, 0, 1, 1, 1, 1, 1, 1, 1, 1, 1, 1, 1, 1, 0, 1, 1, 1, 1, 0, 1, 1, 1, 1, 1, 1, 1, 1, 1, 1, 1, 1, 1, NULL),
(83, 74, 1, 'JABATAN KHIDMAT PENGURUSAN, PTPTN', '', '', '', 0, 1627521706, 3, 0, 3, '05:55', 120, NULL, 0, 0, 0, 0, 0, 0, 0, 0, 0, 0, 0, 0, 0, 0, 0, 0, 0, 1, 0, 0, 0, 0, 1, 1, 0, 1, 1, 1, 1, 1, 1, 1, 1, 1, 1, 1, 1, 1, 1, 1, 1, 1, 1, 1, 1, 1, 1, 1, 0, 1, 1, 1, 1, 1, 1, 1, 1, 1, 1, 1, 1, 1, 0, 0, 0, 0, 1, 0, 0, 0, 0, 1, 0, 1, 0, 1, 1, 0, 1, 0, 0, 0, 1, 1, 1, 1, 1, 1, 1, 1, 1, 1, 1, 1, 1, 1, 1, 1, 1, 1, 1, 1, 0, 1, 1, 1, 1, 1, 1, 1, 1, 1, 0, 1, 1, 1, 1, 1, 1, 1, 1, 1, NULL),
(84, 75, 1, 'Perbendaharaan', '', '', '', 0, 1627521854, 3, 0, 3, '00:00', 120, NULL, 0, 0, 1, 0, 0, 0, 0, 0, 0, 1, 0, 0, 1, 0, 1, 0, 0, 1, 0, 0, 0, 0, 0, 1, 0, 0, 0, 0, 0, 0, 0, 0, 1, 1, 1, 1, 1, 0, 0, 1, 1, 1, 1, 0, 1, 1, 0, 1, 1, 1, 1, 0, 1, 1, 1, 1, 1, 1, 1, 0, 0, 0, 0, 0, 0, 0, 0, 0, 0, 0, 0, 0, 0, 1, 0, 0, 1, 0, 1, 1, 1, 1, 0, 0, 0, 0, 0, 0, 0, 0, 0, 0, 1, 1, 1, 1, 0, 1, 1, 0, 1, 1, 1, 1, 1, 1, 1, 1, 1, 1, 1, 1, 1, 1, 1, 1, 1, 1, 1, 1, 1, 1, NULL),
(85, 76, 1, 'PTPTN', '', '', '', 0, 1627522042, 3, 0, 3, '04:25', 120, NULL, 0, 0, 1, 0, 0, 0, 0, 0, 0, 0, 0, 0, 0, 0, 0, 0, 0, 0, 0, 0, 0, 0, 0, 1, 0, 0, 0, 0, 0, 0, 0, 0, 0, 0, 0, 1, 0, 0, 0, 0, 1, 0, 0, 0, 0, 0, 0, 0, 0, 0, 0, 0, 0, 1, 0, 0, 1, 1, 1, 0, 1, 1, 0, 0, 0, 0, 0, 0, 0, 0, 0, 0, 0, 0, 0, 0, 0, 0, 0, 0, 0, 0, 0, 0, 0, 0, 0, 0, 0, 0, 0, 0, 1, 1, 1, 0, 0, 1, 0, 0, 0, 0, 0, 0, 1, 0, 0, 0, 0, 0, 0, 0, 0, 0, 1, 0, 1, 1, 0, 1, 1, 0, NULL),
(86, 77, 1, 'JABATAN KHIDMAT PELANGGAN (PTPTN)', '', '', '', 0, 1627521873, 3, 0, 3, '00:00', 120, NULL, 0, 0, 0, 0, 0, 0, 1, 0, 0, 0, 0, 0, 1, 1, 1, 0, 0, 1, 0, 0, 1, 1, 0, 0, 1, 0, 0, 1, 0, 0, 0, 1, 0, 1, 0, 0, 1, 1, 0, 1, 1, 1, 0, 0, 1, 1, 0, 1, 1, 1, 1, 0, 0, 1, 1, 1, 1, 1, 1, 1, 1, 1, 0, 0, 0, 0, 1, 0, 0, 0, 0, 0, 0, 1, 1, 1, 1, 1, 1, 1, 0, 0, 0, 0, 0, 0, 0, 0, 0, 1, 0, 0, 1, 1, 1, 1, 0, 1, 1, 0, 1, 1, 1, 0, 1, 1, 1, 1, 0, 1, 1, 0, 1, 0, 1, 1, 1, 1, 1, 1, 1, 1, NULL),
(87, 78, 1, 'JABATAN KOMUNIKASI KORPORAT & PEMASARAN', '', '', '', 0, 1627521896, 3, 0, 3, '00:00', 120, NULL, 0, 0, 0, 0, 0, 0, 0, 0, 0, 0, 0, 0, 0, 0, 0, 0, 0, 1, 0, 0, 0, 0, 0, 1, 0, 0, 0, 0, 1, 0, 0, 0, 0, 1, 1, 1, 0, 0, 0, 0, 1, 1, 0, 1, 1, 0, 0, 1, 1, 0, 1, 0, 1, 0, 0, 0, 1, 0, 0, 0, 1, 0, 0, 0, 0, 0, 0, 0, 0, 0, 0, 0, 0, 1, 0, 0, 0, 0, 0, 0, 0, 0, 1, 0, 0, 0, 0, 0, 0, 0, 0, 0, 1, 1, 1, 0, 0, 1, 1, 1, 1, 1, 1, 1, 1, 0, 0, 0, 0, 0, 1, 0, 0, 0, 1, 1, 0, 1, 1, 0, 0, 0, NULL),
(88, 79, 1, 'BPR', '', '', '', 0, 1627522076, 3, 0, 3, '06:51', 120, NULL, 0, 0, 0, 0, 0, 0, 0, 0, 0, 0, 0, 0, 1, 1, 1, 0, 0, 1, 0, 0, 0, 1, 0, 1, 0, 0, 0, 0, 0, 0, 0, 0, 0, 1, 1, 1, 0, 0, 1, 0, 0, 1, 1, 1, 0, 0, 0, 0, 0, 0, 0, 0, 0, 1, 1, 1, 0, 0, 0, 0, 0, 0, 0, 0, 0, 0, 0, 1, 0, 0, 1, 1, 0, 1, 0, 0, 1, 0, 0, 0, 0, 0, 0, 0, 0, 0, 0, 0, 0, 0, 0, 0, 0, 1, 1, 0, 0, 1, 1, 0, 0, 1, 1, 1, 1, 0, 0, 0, 0, 0, 0, 0, 0, 0, 0, 0, 0, 1, 0, 1, 0, 1, NULL),
(89, 80, 1, 'joc', '', '', '', 0, 1627522178, 3, 0, 3, '00:00', 120, NULL, 0, 0, 1, 0, 1, 0, 0, 0, 0, 0, 0, 0, 0, 0, 0, 0, 0, 0, 0, 0, 0, 0, 1, 0, 0, 0, 0, 0, 1, 0, 0, 0, 0, 0, 0, 0, 0, 0, 0, 1, 0, 1, 0, 1, 1, 0, 0, 1, 0, 1, 1, 0, 0, 1, 1, 1, 1, 1, 1, 1, 1, 1, 0, 0, 0, 0, 1, 1, 0, 0, 0, 0, 1, 1, 0, 0, 1, 0, 0, 0, 0, 0, 0, 0, 0, 0, 0, 0, 1, 0, 0, 0, 0, 1, 1, 0, 1, 1, 1, 0, 1, 1, 0, 1, 1, 1, 0, 1, 1, 1, 1, 0, 1, 0, 1, 1, 1, 1, 1, 1, 1, 1, NULL),
(90, 81, 1, 'JABATAN PERBENDAHARAAN', '', '', '', 0, 1627522201, 3, 0, 3, '00:00', 120, NULL, 0, 0, 0, 0, 0, 0, 0, 0, 0, 0, 0, 0, 1, 0, 0, 0, 0, 0, 0, 0, 0, 0, 1, 1, 0, 0, 0, 0, 0, 0, 0, 0, 0, 1, 1, 1, 1, 1, 1, 1, 1, 1, 1, 1, 0, 1, 0, 1, 1, 1, 1, 0, 0, 1, 0, 1, 1, 1, 1, 1, 1, 1, 0, 0, 0, 0, 1, 0, 0, 0, 0, 0, 0, 0, 0, 0, 1, 0, 0, 0, 0, 0, 0, 0, 0, 0, 0, 0, 0, 0, 0, 0, 1, 1, 1, 1, 1, 1, 0, 0, 1, 1, 1, 1, 1, 0, 0, 0, 0, 0, 1, 0, 1, 0, 1, 1, 1, 1, 1, 1, 1, 1, NULL),
(91, 82, 1, 'JABATAN KHIDMAT PENGURUSAN', '', '', '', 0, 1627522363, 3, 0, 3, '08:16', 120, NULL, 0, 0, 1, 0, 1, 0, 0, 0, 0, 0, 0, 0, 1, 1, 1, 0, 1, 1, 0, 1, 1, 1, 1, 1, 0, 0, 1, 1, 0, 0, 0, 0, 0, 0, 0, 1, 1, 1, 0, 1, 0, 1, 0, 0, 0, 0, 0, 0, 1, 0, 0, 0, 0, 1, 0, 0, 1, 1, 0, 0, 1, 0, 0, 0, 0, 0, 0, 1, 0, 0, 0, 0, 0, 1, 0, 1, 1, 1, 1, 1, 1, 1, 1, 0, 0, 1, 0, 1, 1, 1, 1, 1, 1, 1, 1, 1, 1, 1, 1, 1, 1, 1, 1, 1, 1, 1, 1, 1, 1, 1, 1, 1, 1, 1, 1, 1, 1, 1, 1, 1, 1, 1, NULL),
(92, 83, 1, 'ppn perak', '', '', '', 0, 1627522240, 3, 0, 3, '10:26', 120, NULL, 0, 0, 0, 0, 1, 0, 0, 0, 0, 1, 1, 0, 0, 0, 0, 0, 0, 1, 0, 0, 0, 0, 1, 1, 1, 1, 1, 1, 1, 0, 1, 1, 1, 1, 1, 1, 1, 1, 1, 1, 1, 1, 1, 1, 0, 1, 1, 1, 1, 1, 1, 1, 1, 1, 1, 1, 1, 0, 0, 1, 1, 1, 0, 0, 0, 1, 1, 1, 1, 0, 1, 1, 0, 1, 0, 0, 1, 0, 0, 0, 0, 1, 0, 1, 0, 0, 0, 0, 1, 0, 0, 1, 1, 1, 1, 1, 1, 1, 0, 1, 1, 1, 1, 0, 1, 0, 0, 1, 1, 0, 1, 1, 1, 0, 1, 1, 1, 1, 1, 1, 1, 1, NULL),
(93, 84, 1, 'PPN SARAWAK', '', '', '', 0, 1627523208, 3, 0, 3, '03:56', 120, NULL, 0, 0, 1, 0, 1, 0, 0, 0, 0, 0, 1, 0, 1, 0, 1, 1, 0, 1, 0, 0, 0, 0, 1, 0, 1, 1, 1, 1, 0, 0, 0, 0, 0, 1, 1, 1, 1, 1, 0, 1, 1, 1, 1, 1, 0, 1, 1, 1, 1, 1, 1, 0, 1, 1, 0, 1, 1, 1, 0, 0, 1, 1, 0, 0, 0, 1, 1, 1, 1, 0, 1, 1, 0, 1, 0, 0, 1, 0, 0, 0, 0, 1, 1, 0, 0, 0, 0, 0, 0, 0, 0, 0, 1, 1, 1, 1, 1, 1, 1, 1, 1, 1, 1, 1, 1, 1, 1, 1, 1, 0, 1, 1, 0, 1, 1, 1, 1, 1, 1, 1, 1, 1, NULL),
(94, 85, 1, 'JABATAN TEKNOLOGI MAKLUMAT', '', '', '', 0, 1627523018, 3, 0, 3, '08:45', 120, NULL, 0, 0, 0, 0, 0, 0, 0, 0, 0, 0, 0, 0, 1, 1, 1, 1, 1, 1, 0, 1, 0, 1, 1, 0, 0, 0, 0, 0, 0, 0, 0, 0, 0, 1, 1, 1, 1, 1, 0, 1, 1, 1, 0, 1, 0, 1, 0, 0, 0, 1, 0, 0, 1, 0, 0, 0, 1, 0, 0, 0, 0, 0, 0, 0, 0, 0, 1, 0, 0, 0, 0, 0, 0, 0, 0, 0, 0, 1, 1, 1, 1, 1, 0, 0, 0, 1, 0, 0, 0, 0, 1, 1, 1, 1, 1, 1, 1, 1, 1, 0, 1, 1, 1, 1, 1, 0, 1, 0, 1, 0, 1, 0, 1, 1, 1, 1, 1, 1, 1, 1, 1, 1, NULL),
(95, 86, 1, 'PTPTN', '', '', '', 0, 1627523284, 3, 0, 3, '05:53', 120, NULL, 0, 0, 0, 0, 1, 0, 1, 0, 0, 1, 1, 0, 1, 0, 1, 1, 0, 1, 0, 0, 0, 0, 1, 1, 1, 1, 1, 0, 1, 0, 0, 1, 0, 1, 1, 1, 0, 1, 1, 1, 1, 1, 1, 1, 1, 1, 1, 1, 1, 1, 1, 0, 0, 1, 1, 1, 1, 1, 1, 1, 0, 0, 0, 0, 0, 1, 1, 1, 1, 1, 0, 1, 1, 1, 0, 0, 1, 0, 0, 0, 0, 0, 1, 0, 0, 0, 0, 1, 1, 1, 1, 0, 1, 1, 1, 0, 1, 1, 0, 0, 1, 1, 1, 1, 1, 1, 1, 1, 1, 1, 1, 0, 1, 0, 0, 1, 1, 1, 0, 1, 1, 1, NULL),
(96, 87, 1, 'PTPTN', '', '', '', 0, 1627523374, 3, 0, 3, '06:10', 120, NULL, 0, 0, 0, 0, 0, 0, 0, 0, 0, 0, 0, 0, 1, 0, 0, 0, 0, 1, 0, 0, 0, 0, 0, 0, 0, 0, 0, 1, 0, 0, 0, 0, 0, 1, 1, 1, 0, 0, 0, 1, 1, 1, 0, 0, 0, 1, 0, 1, 1, 1, 1, 0, 0, 1, 0, 1, 0, 1, 1, 1, 1, 1, 0, 0, 0, 0, 1, 0, 0, 0, 0, 1, 0, 0, 1, 0, 1, 0, 1, 1, 0, 0, 0, 0, 0, 0, 0, 0, 0, 0, 0, 0, 1, 1, 1, 0, 0, 1, 1, 1, 0, 1, 1, 0, 1, 0, 1, 1, 0, 0, 1, 0, 1, 0, 1, 0, 1, 1, 1, 1, 1, 1, NULL),
(97, 88, 1, 'BPI', '', '', '', 0, 1627523523, 3, 0, 3, '06:06', 120, NULL, 0, 0, 0, 0, 0, 0, 0, 0, 0, 0, 0, 0, 1, 1, 0, 0, 0, 1, 0, 0, 0, 1, 1, 1, 0, 0, 0, 1, 0, 0, 0, 0, 0, 0, 0, 1, 0, 0, 0, 0, 1, 0, 0, 0, 0, 0, 0, 0, 0, 0, 0, 0, 1, 1, 1, 0, 0, 0, 0, 0, 0, 0, 0, 0, 0, 0, 0, 0, 0, 0, 0, 0, 0, 1, 0, 0, 1, 0, 0, 0, 0, 0, 0, 0, 0, 1, 0, 0, 0, 0, 0, 0, 1, 1, 1, 0, 0, 1, 0, 0, 0, 1, 1, 0, 0, 0, 0, 0, 0, 0, 0, 0, 0, 0, 0, 1, 0, 1, 1, 1, 0, 0, NULL),
(98, 89, 1, 'PERBADANAN TABUNG PENDIDIKAN TINGGI NASIONAL', '', '', '', 0, 1627523478, 3, 0, 3, '06:12', 120, NULL, 0, 0, 1, 1, 1, 1, 0, 1, 1, 0, 1, 1, 1, 0, 0, 1, 0, 1, 0, 1, 0, 1, 0, 1, 1, 0, 0, 0, 0, 1, 1, 0, 1, 1, 1, 1, 1, 1, 0, 1, 1, 1, 1, 1, 1, 1, 1, 1, 1, 1, 1, 0, 1, 1, 1, 1, 1, 1, 1, 1, 1, 1, 0, 1, 1, 1, 1, 1, 1, 0, 1, 1, 1, 1, 0, 0, 1, 0, 0, 1, 1, 1, 1, 0, 0, 1, 0, 0, 0, 1, 1, 1, 1, 1, 1, 1, 1, 1, 1, 1, 1, 1, 1, 0, 1, 1, 1, 1, 1, 1, 1, 1, 1, 0, 1, 1, 1, 1, 0, 1, 1, 1, NULL),
(99, 90, 1, 'JABATAN KOMUMNIKASI KORPORAT & PEMASARAN (JKKP)', '', '', '', 0, NULL, 0, 0, 0, '0', 1, NULL, 0, 0, -1, -1, -1, -1, -1, -1, -1, -1, -1, -1, -1, -1, -1, -1, -1, -1, -1, -1, -1, -1, -1, -1, -1, -1, -1, -1, -1, -1, -1, -1, -1, -1, -1, -1, -1, -1, -1, -1, -1, -1, -1, -1, -1, -1, -1, -1, -1, -1, -1, -1, -1, -1, -1, -1, -1, -1, -1, -1, -1, -1, -1, -1, -1, -1, -1, -1, -1, -1, -1, -1, -1, -1, -1, -1, -1, -1, -1, -1, -1, -1, -1, -1, -1, -1, -1, -1, -1, -1, -1, -1, -1, -1, -1, -1, -1, -1, -1, -1, -1, -1, -1, -1, -1, -1, -1, -1, -1, -1, -1, -1, -1, -1, -1, -1, -1, -1, -1, -1, -1, -1, NULL),
(100, 91, 1, 'DASAR', '', '', '', 0, 1627523834, 3, 0, 3, '07:46', 120, NULL, 0, 0, 0, 0, 1, 0, 0, 0, 0, 1, 1, 0, 0, 1, 1, 0, 0, 1, 0, 0, 1, 1, 1, 1, 1, 1, 0, 1, 1, 1, 1, 1, 1, 1, 1, 1, 1, 1, 1, 1, 1, 1, 0, 0, 0, 0, 0, 0, 1, 1, 1, 0, 1, 1, 1, 1, 1, 1, 1, 1, 1, 1, 1, 0, 0, 1, 1, 1, 1, 0, 1, 1, 1, 1, 0, 0, 1, 0, 0, 0, 0, 1, 1, 0, 1, 1, 1, 0, 1, 1, 1, 1, 1, 1, 1, 1, 1, 1, 1, 1, 1, 1, 1, 0, 1, 1, 0, 0, 1, 0, 1, 0, 1, 1, 1, 1, 1, 1, 1, 1, 1, 1, NULL),
(101, 92, 1, 'JABATAN TEKNOLOGI MAKLUMAT', '', '', '', 0, 1627523973, 3, 0, 3, '00:00', 120, NULL, 0, 0, 0, 0, 0, 0, 0, 0, 0, 0, 0, 0, 0, 0, 0, 0, 0, 1, 0, 0, 0, 0, 0, 1, 0, 1, 1, 1, 0, 0, 0, 0, 0, 0, 0, 0, 0, 0, 0, 0, 1, 0, 0, 0, 0, 0, 0, 0, 0, 0, 0, 0, 0, 0, 0, 0, 0, 0, 0, 0, 0, 0, 0, 0, 0, 0, 0, 0, 0, 0, 0, 0, 0, 0, 0, 0, 0, 0, 0, 0, 0, 0, 0, 1, 0, 0, 0, 0, 0, 0, 0, 0, 0, 1, 1, 0, 0, 1, 0, 0, 0, 1, 0, 0, 0, 0, 0, 0, 0, 0, 0, 0, 0, 0, 0, 1, 0, 1, 0, 0, 1, 0, NULL),
(102, 93, 1, 'JOC', '', '', '', 0, 1627525262, 3, 0, 3, '00:00', 120, NULL, 0, 0, 0, 0, 0, 0, 0, 0, 0, 0, 0, 0, 0, 0, 0, 0, 0, 0, 0, 0, 0, 0, 0, 0, 0, 0, 0, 0, 0, 0, 0, 0, 0, 0, 0, 0, 0, 0, 0, 1, 0, 1, 0, 0, 1, 1, 0, 0, 1, 0, 1, 0, 0, 0, 0, 0, 1, 1, 0, 0, 0, 0, 0, 0, 0, 0, 0, 1, 1, 0, 1, 1, 1, 1, 0, 0, 1, 0, 0, 0, 0, 1, 0, 0, 0, 0, 0, 0, 0, 0, 0, 0, 1, 1, 1, 1, 1, 1, 0, 0, 0, 1, 1, 1, 1, 1, 0, 1, 1, 1, 1, 0, 1, 0, 1, 1, 0, 1, 0, 1, 1, 0, NULL),
(103, 94, 1, 'JABATAN OPERASI', '', '', '', 0, 1627524583, 3, 0, 3, '06:05', 120, NULL, 0, 0, 0, 0, 0, 0, 0, 0, 0, 0, 0, 0, 1, 0, 0, 0, 0, 1, 0, 0, 0, 0, 1, 1, 0, 1, 1, 1, 1, 1, 1, 0, 0, 1, 1, 1, 1, 1, 1, 0, 1, 1, 0, 0, 1, 1, 0, 1, 1, 1, 1, 0, 0, 1, 0, 1, 1, 1, 1, 1, 1, 1, 0, 0, 0, 0, 0, 0, 0, 0, 1, 1, 0, 1, 0, 0, 1, 1, 0, 1, 0, 1, 1, 0, 0, 1, 1, 1, 1, 1, 1, 1, 1, 1, 1, 1, 1, 1, 1, 1, 1, 1, 1, 1, 1, 1, 1, 1, 1, 1, 1, 1, 1, 1, 1, 1, 1, 1, 1, 1, 1, 1, NULL),
(104, 95, 1, 'PTPTN', '', '', '', 0, 1627525028, 3, 0, 3, '00:00', 120, NULL, 0, 0, 0, 0, 1, 0, 0, 0, 0, 0, 0, 0, 1, 0, 0, 0, 0, 1, 0, 0, 0, 0, 0, 1, 0, 0, 0, 0, 0, 0, 0, 0, 0, 0, 0, 0, 0, 0, 0, 1, 0, 1, 0, 1, 0, 1, 1, 1, 1, 1, 1, 0, 0, 1, 1, 1, 1, 0, 1, 1, 1, 1, 0, 0, 0, 0, 0, 0, 1, 0, 0, 1, 0, 1, 0, 0, 1, 0, 0, 0, 0, 0, 0, 0, 0, 0, 0, 0, 0, 0, 0, 0, 1, 1, 1, 1, 0, 0, 0, 1, 0, 1, 1, 1, 0, 0, 1, 1, 1, 0, 1, 0, 1, 0, 1, 1, 1, 1, 0, 1, 1, 1, NULL),
(105, 96, 1, 'PTPTN', '', '', '', 0, 1627525483, 3, 0, 3, '04:36', 120, NULL, 0, 0, 0, 0, 0, 0, 0, 0, 0, 0, 0, 0, 1, 0, 0, 0, 0, 1, 0, 0, 0, 0, 1, 1, 0, 1, 1, 1, 1, 0, 1, 1, 1, 0, 1, 1, 1, 0, 1, 0, 1, 1, 0, 0, 0, 1, 1, 1, 1, 0, 1, 0, 1, 0, 0, 0, 0, 0, 0, 0, 1, 0, 0, 0, 0, 0, 1, 1, 0, 0, 0, 1, 0, 1, 0, 0, 1, 0, 0, 0, 0, 0, 1, 0, 0, 1, 1, 1, 1, 1, 1, 1, 1, 1, 1, 1, 1, 1, 1, 1, 1, 1, 1, 0, 1, 1, 0, 1, 1, 0, 1, 0, 0, 1, 1, 1, 0, 1, 1, 1, 0, 1, NULL),
(106, 97, 1, 'Jabatan Operasi Cawangan / PPN Terengganu', '', '', '', 0, 1627526121, 3, 0, 3, '03:32', 120, NULL, 0, 0, 0, 1, 1, 0, 1, 1, 0, 0, 1, 1, 1, 0, 1, 0, 0, 1, 1, 0, 1, 0, 1, 1, 0, 1, 1, 0, 0, 0, 0, 0, 0, 1, 1, 1, 1, 1, 0, 1, 1, 0, 0, 0, 1, 1, 1, 0, 1, 1, 1, 0, 0, 1, 1, 1, 1, 1, 1, 1, 0, 0, 0, 0, 0, 1, 1, 1, 1, 1, 1, 0, 1, 1, 0, 0, 1, 0, 0, 1, 0, 1, 0, 0, 0, 1, 0, 0, 0, 0, 1, 0, 1, 1, 1, 1, 0, 1, 0, 0, 1, 1, 1, 0, 1, 1, 1, 1, 0, 1, 1, 0, 1, 0, 1, 1, 1, 1, 0, 1, 1, 1, NULL),
(107, 98, 1, 'BKNP PTPTN', '', '', '', 0, 1627526723, 3, 0, 3, '00:00', 120, NULL, 0, 0, 0, 0, 0, 0, 0, 1, 0, 0, 0, 0, 1, 0, 1, 0, 0, 1, 0, 0, 0, 1, 1, 1, 0, 0, 0, 1, 0, 0, 0, 0, 1, 1, 1, 1, 1, 1, 0, 1, 1, 1, 1, 1, 0, 1, 0, 1, 1, 0, 1, 0, 1, 0, 0, 0, 0, 0, 0, 0, 1, 0, 0, 0, 0, 0, 1, 0, 0, 0, 0, 0, 0, 1, 0, 0, 1, 0, 1, 1, 0, 1, 1, 0, 1, 1, 1, 0, 0, 1, 1, 1, 1, 1, 1, 1, 1, 1, 1, 1, 1, 1, 1, 1, 1, 1, 1, 1, 1, 0, 1, 1, 1, 1, 1, 1, 1, 1, 1, 1, 1, 1, NULL),
(108, 99, 1, 'PERBADANAN TABUNG PENDIDIKAN TINGGI NASIONAL', '', '', '', 0, 1627526367, 3, 0, 3, '02:01', 120, NULL, 0, 0, 0, 0, 0, 0, 0, 0, 0, 1, 0, 0, 1, 0, 0, 0, 0, 1, 0, 0, 0, 0, 1, 0, 0, 0, 1, 1, 1, 0, 0, 1, 1, 1, 1, 1, 1, 1, 0, 1, 0, 1, 0, 0, 1, 1, 1, 0, 1, 0, 0, 0, 1, 1, 1, 1, 1, 1, 0, 0, 1, 1, 0, 0, 0, 0, 1, 1, 0, 0, 0, 0, 1, 1, 0, 0, 1, 0, 0, 0, 0, 0, 0, 0, 0, 1, 0, 0, 1, 1, 1, 0, 1, 1, 1, 1, 1, 1, 0, 1, 0, 1, 1, 1, 1, 1, 0, 1, 0, 1, 1, 0, 1, 1, 1, 1, 0, 1, 1, 1, 1, 1, NULL),
(109, 100, 1, 'PEJABAT PTPTN NEGERI SABAH', '', '', '', 0, 1627526249, 3, 0, 3, '00:00', 120, NULL, 0, 0, 1, 1, 1, 0, 0, 0, 0, 1, 1, 0, 1, 1, 1, 1, 1, 1, 1, 0, 1, 1, 1, 1, 1, 0, 1, 1, 1, 0, 1, 1, 1, 1, 1, 1, 1, 1, 0, 1, 1, 1, 1, 1, 1, 1, 1, 1, 0, 1, 1, 0, 1, 1, 1, 1, 1, 1, 1, 1, 1, 1, 0, 0, 0, 1, 1, 1, 1, 0, 1, 1, 1, 1, 0, 0, 1, 0, 0, 0, 0, 1, 1, 0, 0, 1, 0, 1, 1, 1, 1, 1, 1, 1, 1, 1, 1, 1, 1, 1, 1, 1, 0, 0, 1, 1, 1, 1, 1, 1, 1, 1, 1, 1, 1, 1, 1, 1, 1, 1, 1, 1, NULL),
(110, 101, 1, 'JABATAN OPERASI CAWANGAN', '', '', '', 0, 1627526216, 3, 0, 3, '05:47', 120, NULL, 0, 0, 1, 0, 1, 1, 0, 1, 0, 1, 1, 0, 1, 1, 1, 0, 1, 1, 0, 1, 1, 1, 1, 1, 1, 1, 1, 1, 1, 1, 1, 1, 1, 1, 1, 1, 1, 1, 0, 1, 1, 1, 1, 0, 1, 1, 1, 1, 1, 1, 1, 0, 1, 1, 1, 1, 1, 1, 1, 1, 1, 1, 1, 0, 1, 1, 1, 1, 1, 1, 1, 1, 0, 1, 1, 0, 1, 0, 1, 0, 0, 0, 1, 0, 0, 1, 0, 0, 1, 0, 1, 1, 1, 1, 1, 1, 1, 1, 1, 1, 1, 1, 1, 1, 1, 1, 1, 1, 1, 1, 1, 0, 1, 1, 1, 1, 1, 1, 1, 1, 1, 1, NULL),
(111, 102, 1, 'PTPTN', '', '', '', 0, 1627528416, 3, 0, 3, '00:00', 120, NULL, 0, 0, 1, 0, 1, 0, 0, 0, 1, 1, 1, 1, 1, 1, 1, 1, 1, 1, 1, 1, 1, 1, 1, 0, 1, 0, 1, 0, 1, 0, 1, 1, 1, 1, 1, 1, 1, 0, 0, 1, 1, 1, 1, 0, 1, 1, 1, 1, 1, 1, 1, 0, 1, 1, 1, 1, 1, 1, 1, 1, 1, 1, 1, 0, 0, 1, 1, 1, 1, 1, 1, 1, 1, 1, 0, 1, 0, 1, 1, 1, 1, 1, 0, 0, 0, 1, 0, 0, 0, 0, 1, 0, 1, 1, 1, 1, 1, 1, 1, 1, 1, 1, 1, 1, 1, 1, 1, 0, 1, 1, 1, 1, 1, 1, 1, 1, 1, 1, 1, 1, 1, 1, NULL),
(112, 103, 1, 'KHIDMAT PELANGGAN', '', '', '', 0, 1627526927, 3, 0, 3, '00:00', 120, NULL, 0, 0, 0, 0, 0, 0, 0, 0, 0, 0, 0, 0, 1, 0, 0, 0, 0, 1, 0, 0, 0, 0, 1, 1, 0, 0, 0, 1, 1, 0, 0, 0, 0, 1, 0, 0, 0, 0, 0, 0, 0, 0, 0, 0, 1, 1, 0, 1, 1, 0, 0, 0, 0, 1, 1, 1, 1, 1, 1, 1, 0, 0, 0, 0, 0, 0, 0, 0, 0, 0, 0, 0, 0, 0, 0, 0, 1, 0, 0, 0, 0, 1, 0, 0, 0, 0, 0, 1, 0, 0, 1, 0, 1, 1, 1, 0, 0, 1, 0, 0, 1, 1, 0, 0, 1, 1, 0, 0, 0, 1, 1, 0, 0, 0, 1, 1, 1, 1, 1, 1, 1, 1, NULL),
(113, 104, 1, 'PERBENDAHARAAN', '', '', '', 0, 1627527759, 3, 0, 3, '00:00', 120, NULL, 0, 0, 0, 0, 0, 0, 0, 1, 0, 0, 1, 1, 1, 1, 1, 1, 1, 1, 1, 1, 0, 1, 1, 1, 0, 1, 1, 0, 0, 0, 0, 1, 0, 1, 1, 1, 1, 0, 1, 1, 1, 1, 0, 1, 1, 1, 0, 0, 0, 1, 1, 0, 1, 1, 1, 1, 1, 1, 1, 1, 1, 1, 1, 1, 1, 1, 1, 1, 1, 1, 1, 1, 1, 1, 1, 1, 1, 1, 0, 1, 1, 1, 1, 0, 0, 1, 1, 1, 1, 1, 1, 0, 1, 1, 1, 1, 1, 1, 1, 1, 1, 1, 1, 0, 1, 1, 1, 1, 1, 1, 1, 1, 1, 1, 1, 1, 1, 1, 1, 1, 1, 1, NULL),
(114, 105, 1, 'DASAR', '', '', '', 0, 1627527253, 3, 0, 3, '06:21', 120, NULL, 0, 0, 0, 0, 0, 0, 0, 0, 0, 0, 0, 0, 1, 0, 0, 0, 0, 1, 0, 0, 0, 0, 0, 1, 0, 0, 1, 1, 0, 0, 0, 0, 0, 1, 0, 1, 0, 0, 0, 0, 1, 1, 0, 0, 0, 0, 0, 0, 1, 0, 1, 0, 0, 0, 0, 1, 1, 0, 0, 0, 1, 0, 0, 0, 0, 0, 0, 0, 0, 0, 0, 0, 1, 1, 0, 0, 1, 0, 0, 0, 0, 1, 1, 0, 0, 1, 0, 0, 0, 0, 0, 0, 1, 1, 1, 0, 0, 1, 0, 0, 0, 1, 1, 0, 1, 0, 0, 0, 0, 0, 1, 0, 1, 0, 1, 1, 1, 1, 1, 1, 1, 1, NULL),
(115, 106, 1, 'BAHAGIAN PEMASARAN PTPTN', '', '', '', 0, 1627527673, 3, 0, 3, '00:00', 120, NULL, 0, 0, 0, 0, 1, 0, 0, 0, 0, 1, 0, 0, 1, 1, 1, 1, 1, 1, 1, 1, 1, 1, 1, 1, 0, 1, 1, 1, 1, 1, 0, 0, 0, 1, 1, 1, 1, 1, 1, 1, 1, 1, 1, 0, 1, 1, 0, 1, 1, 1, 1, 0, 1, 1, 1, 1, 1, 1, 1, 1, 1, 1, 0, 0, 0, 0, 1, 1, 1, 0, 0, 1, 0, 1, 0, 0, 1, 0, 1, 0, 0, 0, 1, 1, 0, 1, 0, 0, 0, 0, 0, 0, 1, 1, 1, 1, 1, 1, 1, 1, 1, 1, 1, 0, 1, 1, 1, 1, 1, 1, 1, 1, 1, 0, 1, 1, 1, 1, 1, 1, 1, 1, NULL),
(116, 107, 1, 'JABATAN TEKNOLOGI MAKLUMAT', '', '', '', 0, 1627527580, 3, 0, 3, '08:30', 120, NULL, 0, 0, 0, 0, 0, 0, 0, 0, 0, 0, 0, 0, 1, 1, 1, 0, 1, 1, 0, 1, 0, 1, 1, 1, 0, 0, 0, 0, 0, 0, 1, 1, 1, 1, 1, 1, 1, 1, 0, 1, 1, 1, 1, 1, 0, 1, 1, 1, 1, 1, 1, 1, 1, 0, 0, 0, 1, 0, 0, 0, 1, 0, 0, 0, 0, 0, 1, 0, 0, 0, 0, 0, 0, 1, 1, 1, 1, 0, 1, 1, 1, 1, 0, 0, 1, 1, 0, 0, 0, 0, 0, 1, 1, 1, 1, 1, 1, 1, 1, 1, 1, 1, 1, 1, 1, 0, 1, 0, 1, 0, 1, 1, 0, 1, 1, 1, 0, 1, 1, 1, 1, 0, NULL);
INSERT INTO `psy_answers` (`id`, `can_id`, `bat_id`, `column1`, `column2`, `column3`, `column4`, `status`, `finished_at`, `answer_status`, `answer_status2`, `overall_status`, `answer_last_saved`, `question_last_saved`, `answer_last_saved2`, `created_at`, `updated_at`, `q1`, `q2`, `q3`, `q4`, `q5`, `q6`, `q7`, `q8`, `q9`, `q10`, `q11`, `q12`, `q13`, `q14`, `q15`, `q16`, `q17`, `q18`, `q19`, `q20`, `q21`, `q22`, `q23`, `q24`, `q25`, `q26`, `q27`, `q28`, `q29`, `q30`, `q31`, `q32`, `q33`, `q34`, `q35`, `q36`, `q37`, `q38`, `q39`, `q40`, `q41`, `q42`, `q43`, `q44`, `q45`, `q46`, `q47`, `q48`, `q49`, `q50`, `q51`, `q52`, `q53`, `q54`, `q55`, `q56`, `q57`, `q58`, `q59`, `q60`, `q61`, `q62`, `q63`, `q64`, `q65`, `q66`, `q67`, `q68`, `q69`, `q70`, `q71`, `q72`, `q73`, `q74`, `q75`, `q76`, `q77`, `q78`, `q79`, `q80`, `q81`, `q82`, `q83`, `q84`, `q85`, `q86`, `q87`, `q88`, `q89`, `q90`, `q91`, `q92`, `q93`, `q94`, `q95`, `q96`, `q97`, `q98`, `q99`, `q100`, `q101`, `q102`, `q103`, `q104`, `q105`, `q106`, `q107`, `q108`, `q109`, `q110`, `q111`, `q112`, `q113`, `q114`, `q115`, `q116`, `q117`, `q118`, `q119`, `q120`, `biz_idea`) VALUES
(117, 108, 1, 'JKKP', '', '', '', 0, 1627528571, 3, 0, 3, '01:51', 120, NULL, 0, 0, 0, 0, 0, 0, 0, 0, 0, 0, 0, 0, 1, 0, 0, 0, 0, 0, 0, 0, 0, 0, 0, 0, 0, 0, 0, 0, 0, 0, 0, 0, 0, 1, 0, 1, 0, 0, 0, 1, 0, 1, 0, 1, 0, 1, 0, 0, 0, 1, 0, 1, 0, 0, 0, 0, 0, 1, 0, 0, 0, 0, 0, 0, 0, 0, 1, 0, 0, 0, 0, 1, 0, 0, 0, 0, 1, 0, 0, 0, 0, 0, 0, 0, 0, 0, 0, 0, 0, 0, 0, 0, 1, 1, 1, 0, 0, 1, 1, 0, 0, 1, 1, 0, 0, 0, 0, 0, 0, 0, 1, 0, 0, 0, 1, 1, 0, 1, 0, 1, 0, 0, NULL),
(118, 109, 1, 'PPN SELANGOR', '', '', '', 0, 1627528940, 3, 0, 3, '00:27', 120, NULL, 0, 0, 0, 0, 0, 0, 0, 0, 0, 0, 0, 0, 1, 0, 0, 0, 0, 1, 0, 0, 0, 0, 1, 1, 0, 0, 0, 0, 0, 0, 0, 0, 0, 1, 1, 1, 1, 0, 0, 1, 0, 0, 0, 0, 0, 0, 0, 0, 1, 1, 1, 0, 1, 0, 0, 0, 0, 0, 0, 0, 1, 0, 0, 0, 0, 0, 0, 0, 0, 0, 0, 0, 0, 1, 0, 0, 1, 0, 0, 0, 0, 0, 0, 0, 0, 0, 0, 0, 0, 0, 0, 0, 1, 1, 1, 1, 0, 1, 0, 0, 0, 1, 1, 0, 1, 0, 0, 0, 0, 0, 1, 0, 0, 0, 1, 1, 0, 1, 0, 1, 1, 0, NULL),
(119, 110, 1, 'JABATAN DASAR', '', '', '', 0, 1627528575, 3, 0, 3, '05:46', 120, NULL, 0, 0, 0, 0, 1, 0, 0, 0, 0, 1, 0, 0, 1, 0, 1, 0, 0, 1, 0, 0, 0, 0, 0, 1, 0, 0, 0, 1, 0, 0, 0, 0, 1, 1, 1, 1, 1, 0, 1, 0, 0, 1, 0, 0, 1, 0, 0, 1, 1, 1, 1, 0, 0, 1, 1, 1, 1, 1, 0, 0, 1, 1, 0, 0, 0, 1, 1, 0, 0, 0, 0, 1, 0, 1, 0, 0, 1, 1, 0, 1, 0, 0, 1, 0, 0, 1, 0, 0, 0, 0, 0, 0, 1, 1, 1, 1, 1, 1, 1, 1, 1, 1, 0, 0, 1, 1, 1, 1, 0, 1, 1, 0, 1, 0, 1, 1, 1, 1, 0, 1, 1, 1, NULL),
(120, 111, 1, 'BAHAGIAN PENGURUSAN RISIKO', '', '', '', 0, 1627528911, 3, 0, 3, '03:20', 120, NULL, 0, 0, 0, 0, 0, 0, 0, 0, 0, 0, 0, 0, 1, 0, 1, 1, 1, 1, 0, 1, 0, 0, 0, 1, 1, 1, 1, 1, 1, 0, 0, 0, 0, 1, 1, 1, 0, 0, 0, 1, 1, 1, 0, 0, 1, 1, 1, 1, 0, 1, 1, 0, 1, 0, 0, 0, 1, 1, 1, 1, 1, 1, 0, 0, 0, 1, 1, 1, 0, 0, 0, 0, 0, 1, 1, 0, 1, 1, 1, 1, 1, 1, 0, 0, 0, 1, 0, 0, 0, 1, 1, 1, 1, 1, 1, 0, 1, 1, 1, 1, 1, 1, 1, 0, 1, 0, 0, 1, 1, 1, 1, 1, 1, 0, 1, 1, 1, 1, 1, 1, 1, 1, NULL),
(121, 112, 1, 'PEJABAT PTPTN NEGERI SELANGOR', '', '', '', 0, 1627528941, 3, 0, 3, '00:00', 120, NULL, 0, 0, 0, 0, 0, 0, 0, 0, 0, 0, 0, 0, 1, 0, 0, 0, 0, 1, 0, 0, 0, 0, 0, 1, 0, 0, 0, 0, 0, 0, 0, 0, 0, 1, 0, 1, 1, 0, 0, 1, 1, 1, 0, 0, 0, 0, 1, 1, 1, 1, 1, 0, 1, 1, 0, 1, 1, 0, 1, 1, 1, 1, 0, 0, 0, 0, 0, 0, 0, 0, 0, 0, 1, 1, 0, 0, 1, 0, 0, 0, 0, 0, 0, 0, 0, 1, 0, 0, 0, 0, 0, 0, 1, 1, 1, 1, 0, 1, 1, 1, 1, 1, 1, 1, 1, 1, 1, 1, 0, 0, 1, 0, 1, 0, 1, 1, 1, 1, 1, 1, 1, 1, NULL),
(122, 113, 1, 'PTPTN NEGERI SEMBILAN', '', '', '', 0, 1627529948, 3, 0, 3, '08:01', 120, NULL, 0, 0, 0, 0, 1, 0, 0, 0, 0, 1, 1, 0, 1, 0, 0, 0, 0, 1, 0, 0, 0, 0, 0, 1, 0, 1, 1, 1, 1, 0, 0, 0, 0, 1, 1, 1, 1, 1, 0, 1, 1, 1, 1, 0, 1, 1, 1, 1, 1, 1, 1, 0, 0, 1, 1, 1, 1, 1, 1, 1, 1, 1, 0, 0, 0, 1, 1, 0, 1, 0, 0, 1, 0, 1, 0, 0, 1, 0, 0, 0, 0, 1, 1, 0, 0, 0, 0, 0, 0, 0, 0, 0, 1, 1, 1, 1, 1, 1, 1, 1, 1, 1, 1, 1, 1, 1, 1, 1, 1, 1, 1, 1, 0, 0, 1, 1, 1, 1, 1, 1, 1, 1, NULL),
(123, 114, 1, 'PTPTN', '', '', '', 0, 1627530557, 3, 0, 3, '00:00', 120, NULL, 0, 0, 1, 0, 0, 1, 0, 0, 0, 1, 0, 0, 1, 0, 0, 0, 0, 1, 0, 0, 1, 0, 1, 1, 1, 1, 1, 1, 1, 1, 1, 1, 1, 1, 1, 1, 1, 1, 1, 1, 1, 1, 1, 1, 0, 1, 1, 1, 0, 1, 1, 0, 0, 1, 0, 1, 1, 1, 1, 1, 0, 0, 0, 0, 0, 0, 0, 1, 1, 0, 1, 1, 0, 0, 0, 0, 1, 0, 0, 0, 0, 1, 1, 0, 1, 1, 1, 1, 1, 1, 1, 1, 1, 1, 1, 1, 1, 1, 1, 1, 1, 1, 1, 1, 1, 1, 1, 1, 1, 1, 1, 1, 1, 0, 0, 1, 0, 1, 0, 1, 1, 1, NULL),
(124, 115, 1, 'PTPTN-JOC', '', '', '', 0, 1627530703, 3, 0, 3, '01:25', 120, NULL, 0, 0, 0, 0, 1, 0, 0, 0, 0, 0, 0, 0, 1, 0, 1, 0, 0, 1, 0, 0, 0, 0, 1, 1, 0, 0, 0, 0, 1, 1, 1, 1, 1, 1, 1, 1, 1, 1, 1, 1, 1, 1, 1, 0, 1, 1, 0, 1, 1, 1, 1, 0, 1, 1, 1, 1, 1, 1, 1, 1, 1, 1, 0, 0, 0, 1, 1, 1, 1, 0, 1, 0, 0, 1, 0, 0, 1, 1, 1, 0, 0, 0, 1, 0, 1, 1, 1, 1, 1, 1, 1, 1, 1, 1, 1, 1, 1, 1, 1, 1, 1, 1, 1, 0, 1, 1, 1, 1, 1, 1, 1, 1, 1, 1, 1, 1, 1, 1, 1, 1, 1, 1, NULL),
(125, 116, 1, 'PPN PULAU PINANG', '', '', '', 0, 1627530851, 3, 0, 3, '08:21', 120, NULL, 0, 0, 0, 0, 1, 0, 0, 1, 0, 0, 0, 0, 1, 0, 0, 0, 0, 1, 0, 0, 0, 0, 1, 1, 0, 0, 0, 1, 1, 0, 1, 1, 0, 1, 1, 1, 1, 1, 0, 1, 1, 1, 1, 1, 1, 1, 1, 1, 1, 1, 1, 0, 1, 1, 1, 1, 1, 1, 1, 1, 1, 1, 0, 0, 0, 0, 1, 1, 1, 0, 0, 1, 0, 1, 0, 0, 1, 0, 1, 1, 0, 1, 1, 0, 0, 1, 0, 1, 1, 0, 0, 1, 1, 1, 1, 1, 1, 1, 0, 1, 1, 1, 1, 1, 1, 1, 1, 1, 1, 0, 1, 1, 1, 0, 1, 1, 1, 1, 1, 1, 1, 1, NULL),
(126, 117, 1, 'PPNKL', '', '', '', 0, 1627531591, 3, 0, 3, '05:41', 120, NULL, 0, 0, 0, 0, 1, 1, 0, 0, 0, 1, 1, 0, 0, 0, 0, 0, 0, 1, 0, 0, 1, 1, 1, 1, 0, 1, 1, 1, 1, 1, 1, 1, 1, 1, 1, 1, 1, 1, 1, 0, 1, 1, 1, 0, 0, 0, 1, 1, 1, 0, 1, 0, 1, 0, 1, 1, 1, 1, 1, 0, 1, 1, 0, 0, 1, 1, 0, 1, 1, 0, 1, 0, 1, 1, 0, 0, 1, 0, 0, 0, 0, 1, 1, 1, 1, 1, 1, 1, 1, 1, 1, 1, 1, 1, 1, 1, 1, 1, 1, 1, 1, 1, 1, 1, 1, 1, 1, 1, 1, 0, 1, 0, 1, 0, 1, 1, 0, 1, 0, 1, 1, 1, NULL),
(127, 118, 1, 'PTPTN', '', '', '', 0, 1627531544, 3, 0, 3, '09:45', 120, NULL, 0, 0, 0, 0, 0, 0, 0, 0, 0, 0, 0, 0, 1, 0, 0, 0, 0, 1, 0, 0, 0, 0, 0, 1, 0, 0, 0, 1, 0, 0, 1, 0, 0, 0, 0, 1, 1, 0, 0, 1, 0, 1, 1, 1, 1, 1, 0, 0, 0, 1, 1, 0, 1, 0, 1, 1, 1, 1, 1, 0, 1, 0, 0, 0, 0, 0, 1, 0, 0, 0, 0, 0, 0, 0, 0, 0, 1, 0, 0, 0, 0, 0, 0, 0, 0, 1, 0, 0, 0, 0, 0, 1, 1, 1, 1, 1, 1, 1, 1, 1, 1, 1, 1, 1, 1, 1, 1, 1, 1, 1, 1, 1, 1, 1, 1, 1, 0, 1, 1, 1, 1, 0, NULL),
(128, 119, 1, 'PPN WP KL', '', '', '', 0, 1627532591, 3, 0, 3, '07:22', 120, NULL, 0, 0, 0, 0, 0, 0, 0, 0, 0, 0, 0, 0, 0, 0, 0, 0, 0, 1, 0, 0, 0, 0, 1, 1, 0, 1, 1, 1, 1, 1, 1, 1, 1, 1, 1, 1, 1, 1, 1, 1, 1, 1, 1, 0, 1, 1, 0, 1, 1, 1, 1, 0, 1, 0, 0, 0, 1, 1, 0, 0, 0, 0, 0, 0, 0, 0, 1, 0, 0, 0, 0, 0, 0, 1, 0, 0, 1, 0, 0, 0, 0, 0, 1, 0, 1, 1, 0, 1, 1, 1, 1, 1, 1, 1, 1, 0, 1, 1, 1, 0, 1, 1, 1, 1, 1, 1, 0, 1, 0, 1, 1, 1, 0, 0, 0, 1, 0, 1, 1, 1, 1, 1, NULL),
(129, 120, 1, 'PTPTN', '', '', '', 0, 1627533421, 3, 0, 3, '07:40', 120, NULL, 0, 0, 0, 0, 0, 0, 0, 0, 0, 0, 0, 0, 1, 1, 1, 0, 1, 1, 1, 1, 0, 0, 0, 1, 0, 0, 0, 1, 0, 0, 0, 0, 0, 1, 1, 1, 1, 1, 1, 1, 1, 1, 0, 0, 1, 1, 0, 1, 1, 1, 1, 0, 1, 1, 1, 1, 1, 1, 1, 1, 1, 1, 0, 0, 0, 0, 0, 0, 0, 0, 0, 0, 0, 1, 0, 0, 1, 1, 0, 0, 0, 1, 1, 0, 0, 0, 0, 0, 0, 0, 0, 0, 0, 1, 1, 1, 1, 1, 1, 1, 1, 1, 1, 0, 1, 0, 0, 0, 0, 1, 1, 1, 1, 0, 1, 1, 1, 1, 0, 1, 1, 1, NULL),
(130, 121, 1, 'PTPTN/ JABATAN DASAR', '', '', '', 0, 1627536408, 3, 0, 3, '00:00', 120, NULL, 0, 0, 0, 0, 0, 0, 0, 0, 0, 0, 0, 0, 0, 0, 0, 0, 0, 1, 0, 0, 0, 0, 0, 1, 0, 0, 0, 0, 0, 0, 0, 0, 0, 0, 0, 1, 0, 0, 1, 0, 0, 1, 0, 0, 1, 0, 0, 0, 0, 0, 0, 0, 0, 0, 0, 0, 0, 0, 0, 0, 0, 0, 0, 0, 0, 0, 0, 0, 0, 0, 0, 0, 0, 1, 0, 0, 0, 0, 0, 0, 0, 0, 0, 0, 0, 1, 1, 0, 0, 0, 0, 0, 1, 1, 1, 0, 0, 1, 0, 0, 1, 1, 1, 0, 1, 0, 0, 0, 0, 1, 0, 0, 1, 0, 1, 1, 0, 1, 0, 1, 1, 0, NULL),
(131, 122, 1, 'PTPTN', '', '', '', 0, 1627537412, 3, 0, 3, '00:00', 120, NULL, 0, 0, 0, 0, 0, 0, 0, 0, 0, 0, 0, 0, 1, 0, 0, 0, 0, 0, 0, 0, 0, 0, 1, 0, 0, 0, 0, 1, 1, 0, 0, 0, 0, 1, 0, 1, 1, 0, 0, 1, 0, 1, 1, 0, 0, 0, 1, 1, 1, 1, 1, 0, 0, 0, 1, 0, 1, 0, 0, 1, 1, 1, 0, 0, 0, 0, 0, 0, 0, 0, 0, 0, 0, 1, 1, 0, 1, 0, 0, 1, 0, 0, 1, 0, 0, 1, 0, 1, 1, 0, 1, 0, 1, 1, 1, 1, 1, 1, 0, 1, 1, 1, 1, 0, 1, 1, 1, 1, 1, 0, 1, 0, 1, 0, 1, 1, 0, 1, 1, 1, 1, 0, NULL),
(132, 123, 1, 'jabatan dasar', '', '', '', 0, 1627537628, 3, 0, 3, '09:21', 120, NULL, 0, 0, 0, 0, 0, 0, 0, 0, 0, 0, 0, 0, 0, 0, 0, 0, 0, 0, 0, 0, 0, 0, 0, 1, 0, 0, 0, 0, 0, 0, 0, 0, 0, 1, 0, 1, 0, 0, 0, 1, 0, 1, 1, 0, 1, 0, 1, 1, 1, 1, 1, 0, 0, 0, 0, 0, 1, 1, 1, 0, 1, 0, 0, 0, 0, 0, 1, 0, 0, 0, 0, 0, 0, 1, 0, 0, 1, 0, 0, 0, 0, 0, 0, 0, 0, 0, 0, 0, 0, 0, 0, 0, 1, 1, 1, 0, 0, 1, 0, 0, 0, 1, 1, 1, 1, 1, 1, 0, 0, 1, 1, 1, 1, 0, 1, 1, 0, 0, 1, 1, 0, 0, NULL),
(133, 124, 1, 'PEJABAT PTPTN NEGERI JOHOR', '', '', '', 0, 1627538776, 3, 0, 3, '08:46', 120, NULL, 0, 0, 1, 0, 0, 0, 0, 0, 0, 1, 0, 0, 1, 0, 0, 0, 0, 1, 0, 0, 0, 0, 0, 0, 0, 0, 0, 0, 0, 0, 0, 0, 0, 1, 1, 1, 1, 0, 0, 1, 0, 1, 1, 1, 1, 1, 1, 1, 1, 1, 1, 0, 0, 1, 0, 1, 1, 1, 0, 0, 1, 0, 0, 0, 0, 1, 0, 1, 0, 0, 1, 1, 0, 0, 0, 0, 0, 0, 0, 0, 0, 0, 0, 0, 0, 1, 0, 0, 0, 1, 0, 0, 1, 1, 1, 1, 1, 1, 1, 1, 1, 1, 1, 0, 1, 1, 1, 1, 1, 1, 1, 1, 1, 0, 1, 1, 1, 1, 0, 1, 1, 1, NULL),
(134, 125, 1, 'PTPTN', '', '', '', 0, 1627539192, 3, 0, 3, '00:00', 120, NULL, 0, 0, 1, 1, 1, 0, 1, 1, 1, 1, 1, 1, 1, 0, 0, 0, 0, 1, 0, 0, 0, 0, 0, 1, 1, 1, 1, 0, 1, 0, 0, 0, 0, 0, 0, 1, 1, 1, 0, 0, 1, 1, 1, 0, 1, 0, 1, 1, 0, 0, 1, 0, 0, 0, 0, 1, 1, 1, 0, 0, 0, 0, 0, 1, 1, 1, 0, 1, 1, 1, 1, 1, 1, 1, 1, 1, 1, 1, 1, 1, 0, 1, 0, 0, 1, 0, 0, 1, 1, 1, 1, 0, 1, 1, 1, 1, 1, 1, 1, 1, 1, 1, 1, 1, 1, 0, 1, 1, 1, 1, 1, 0, 0, 0, 0, 1, 0, 1, 0, 1, 1, 1, NULL),
(135, 126, 1, 'PERBENDAHARAAN', '', '', '', 0, 1627539398, 3, 0, 3, '05:05', 120, NULL, 0, 0, 1, 0, 1, 1, 1, 1, 1, 1, 1, 1, 0, 1, 1, 1, 1, 0, 1, 1, 1, 1, 1, 1, 1, 1, 1, 1, 1, 0, 0, 1, 0, 1, 0, 1, 1, 0, 1, 0, 1, 1, 0, 0, 0, 0, 0, 0, 0, 0, 0, 0, 0, 1, 0, 1, 1, 0, 1, 1, 0, 0, 0, 0, 1, 1, 0, 1, 1, 1, 1, 1, 1, 0, 0, 0, 1, 1, 0, 0, 1, 0, 1, 0, 0, 1, 0, 0, 0, 1, 0, 0, 1, 1, 1, 1, 0, 1, 1, 0, 0, 1, 0, 0, 1, 1, 0, 0, 0, 0, 0, 0, 1, 0, 1, 1, 1, 1, 0, 1, 1, 1, NULL),
(136, 127, 1, 'PPC KLUANG', '', '', '', 0, 1627541825, 3, 0, 3, '03:30', 120, NULL, 0, 0, 0, 0, 0, 0, 1, 0, 0, 0, 0, 0, 1, 0, 0, 0, 0, 1, 0, 0, 0, 0, 1, 0, 0, 0, 0, 0, 1, 0, 1, 0, 0, 1, 0, 0, 1, 0, 0, 0, 0, 0, 0, 0, 1, 0, 1, 1, 1, 0, 0, 0, 1, 0, 0, 1, 1, 1, 1, 1, 0, 0, 0, 0, 0, 0, 0, 0, 0, 1, 0, 0, 0, 1, 0, 0, 1, 0, 1, 1, 1, 1, 0, 0, 0, 1, 0, 0, 1, 0, 0, 1, 1, 1, 1, 1, 0, 1, 1, 1, 1, 1, 1, 1, 1, 1, 1, 1, 0, 1, 1, 1, 1, 1, 1, 1, 1, 1, 1, 1, 1, 1, NULL),
(137, 128, 1, 'PPN KEDAH', '', '', '', 0, 1627543906, 3, 0, 3, '08:11', 120, NULL, 0, 0, 0, 0, 0, 0, 0, 0, 0, 0, 1, 0, 0, 0, 0, 0, 0, 1, 0, 0, 0, 0, 0, 0, 0, 0, 0, 0, 0, 0, 0, 0, 0, 0, 0, 0, 1, 1, 0, 1, 1, 1, 0, 1, 0, 1, 1, 1, 1, 1, 1, 0, 0, 1, 1, 1, 1, 1, 1, 1, 1, 1, 0, 0, 1, 1, 0, 0, 1, 0, 0, 1, 0, 1, 0, 0, 0, 0, 0, 1, 0, 0, 0, 0, 0, 1, 0, 0, 0, 0, 0, 0, 1, 1, 1, 1, 0, 1, 1, 1, 1, 1, 1, 0, 1, 1, 1, 1, 1, 1, 1, 1, 1, 1, 1, 1, 1, 1, 1, 1, 1, 1, NULL),
(138, 129, 1, 'JABATAN TEKNOLOGI MAKLUMAT', '', '', '', 0, 1627543979, 3, 0, 3, '00:00', 120, NULL, 0, 0, 1, 1, 0, 0, 0, 0, 0, 1, 0, 0, 1, 1, 0, 0, 0, 1, 0, 0, 0, 0, 0, 1, 1, 1, 1, 1, 0, 1, 0, 0, 0, 1, 1, 0, 1, 1, 1, 0, 1, 1, 0, 1, 1, 1, 0, 1, 1, 1, 1, 0, 0, 0, 0, 1, 1, 0, 0, 0, 0, 0, 0, 0, 0, 0, 0, 1, 1, 0, 0, 1, 1, 1, 1, 0, 1, 1, 1, 1, 1, 1, 1, 1, 1, 1, 0, 0, 0, 1, 0, 0, 1, 1, 1, 1, 1, 1, 1, 1, 1, 1, 1, 0, 1, 0, 1, 1, 0, 1, 1, 1, 1, 1, 0, 1, 0, 1, 0, 1, 1, 0, NULL),
(139, 130, 1, 'JABATAN SUMBER MANUSIA', '', '', '', 0, 1627544136, 3, 0, 3, '06:23', 120, NULL, 0, 0, 0, 0, 0, 0, 0, 0, 0, 0, 0, 0, 1, 0, 0, 0, 0, 1, 0, 0, 0, 1, 0, 1, 0, 1, 1, 1, 0, 1, 1, 0, 1, 1, 1, 1, 0, 1, 1, 1, 1, 1, 1, 1, 1, 1, 1, 1, 1, 1, 1, 1, 1, 0, 0, 1, 0, 1, 1, 1, 0, 0, 0, 0, 0, 0, 1, 0, 0, 0, 0, 0, 0, 1, 0, 0, 1, 1, 0, 1, 0, 0, 1, 1, 1, 1, 1, 0, 0, 0, 0, 1, 1, 1, 1, 0, 1, 1, 1, 1, 1, 1, 1, 0, 1, 0, 1, 0, 1, 1, 1, 1, 1, 1, 1, 1, 1, 1, 1, 1, 1, 1, NULL),
(140, 131, 1, 'JABATAN SUMBER MANUSIA', '', '', '', 0, 1627546425, 3, 0, 3, '00:00', 120, NULL, 0, 0, 0, 0, 1, 1, 0, 0, 0, 0, 0, 0, 1, 0, 0, 0, 0, 1, 0, 0, 0, 0, 1, 1, 0, 1, 1, 0, 0, 0, 0, 0, 0, 1, 1, 1, 1, 0, 0, 1, 1, 1, 1, 1, 0, 1, 0, 1, 1, 1, 1, 0, 1, 1, 0, 1, 1, 0, 0, 0, 1, 1, 0, 0, 0, 1, 0, 1, 1, 0, 0, 1, 1, 1, 0, 0, 1, 1, 0, 0, 0, 0, 0, 0, 0, 1, 0, 1, 0, 1, 0, 1, 1, 1, 1, 1, 1, 1, 1, 1, 1, 1, 1, 1, 1, 1, 1, 1, 1, 1, 1, 1, 1, 0, 1, 1, 1, 1, 1, 1, 1, 1, NULL),
(141, 132, 1, 'JKP', '', '', '', 0, 1627546518, 3, 0, 3, '06:43', 120, NULL, 0, 0, 0, 0, 0, 0, 0, 0, 0, 0, 0, 0, 1, 0, 0, 0, 0, 1, 0, 0, 0, 0, 1, 1, 0, 0, 0, 0, 0, 1, 0, 0, 0, 1, 1, 1, 1, 1, 0, 1, 0, 1, 1, 1, 1, 1, 1, 1, 1, 1, 1, 0, 1, 1, 1, 0, 1, 1, 1, 0, 1, 1, 0, 0, 0, 0, 1, 1, 0, 0, 1, 1, 0, 1, 0, 0, 1, 1, 1, 0, 0, 1, 1, 0, 0, 0, 0, 0, 0, 1, 0, 0, 1, 1, 1, 1, 1, 1, 1, 1, 1, 1, 1, 1, 1, 1, 1, 1, 1, 1, 1, 0, 1, 0, 1, 1, 1, 1, 1, 1, 1, 0, NULL),
(142, 133, 1, 'JABATAN PENGUATKUASAAN BAYARAN BALIK PINJAMAN & LITIGASI', '', '', '', 0, 1627547026, 3, 0, 3, '07:16', 120, NULL, 0, 0, 0, 0, 0, 0, 0, 1, 0, 0, 0, 0, 1, 0, 0, 0, 0, 1, 0, 0, 0, 0, 0, 1, 0, 0, 0, 0, 1, 0, 1, 0, 0, 0, 0, 1, 1, 0, 0, 0, 0, 1, 0, 0, 0, 0, 0, 0, 0, 0, 0, 0, 0, 0, 0, 0, 1, 1, 0, 0, 0, 0, 0, 0, 0, 0, 0, 1, 0, 0, 0, 1, 1, 0, 0, 0, 0, 0, 0, 0, 0, 0, 0, 0, 0, 0, 0, 0, 0, 0, 0, 1, 1, 1, 1, 1, 0, 1, 0, 0, 0, 1, 0, 1, 1, 0, 0, 0, 0, 1, 1, 0, 1, 0, 1, 1, 1, 1, 1, 1, 0, 1, NULL),
(143, 134, 1, 'JK&A', '', '', '', 0, 1627554930, 3, 0, 3, '08:05', 120, NULL, 0, 0, 0, 0, 0, 0, 0, 0, 0, 0, 0, 0, 1, 0, 0, 0, 0, 1, 0, 0, 0, 0, 1, 1, 0, 0, 0, 1, 0, 0, 1, 0, 1, 1, 0, 1, 0, 1, 0, 1, 1, 1, 1, 1, 0, 0, 0, 1, 1, 1, 1, 0, 1, 1, 0, 0, 0, 0, 1, 0, 1, 0, 0, 0, 0, 0, 1, 0, 0, 0, 0, 0, 0, 0, 0, 0, 1, 0, 0, 0, 0, 0, 1, 0, 0, 1, 0, 0, 0, 0, 0, 0, 1, 1, 1, 0, 0, 1, 0, 0, 1, 1, 1, 1, 1, 1, 1, 0, 1, 0, 1, 1, 0, 0, 0, 1, 1, 1, 0, 1, 0, 1, NULL),
(144, 135, 1, 'PTPTN NEGERI MELAKA', '', '', '', 0, 1627556490, 3, 0, 3, '05:21', 120, NULL, 0, 0, 0, 0, 0, 0, 0, 0, 0, 0, 0, 0, 1, 0, 0, 0, 0, 1, 0, 0, 0, 0, 0, 1, 0, 0, 0, 0, 0, 0, 0, 0, 0, 1, 0, 0, 1, 0, 0, 1, 0, 0, 0, 0, 0, 0, 1, 1, 1, 0, 1, 0, 1, 0, 0, 0, 0, 0, 0, 0, 1, 1, 0, 0, 0, 0, 0, 0, 0, 0, 0, 0, 0, 1, 0, 0, 0, 0, 0, 0, 0, 0, 0, 0, 0, 0, 0, 0, 0, 0, 0, 0, 0, 1, 1, 1, 1, 1, 0, 1, 1, 1, 0, 0, 1, 0, 0, 1, 1, 0, 1, 1, 1, 0, 1, 1, 1, 1, 1, 0, 1, 1, NULL),
(145, 136, 1, 'JSM', '', '', '', 0, 1627556829, 3, 0, 3, '05:56', 120, NULL, 0, 0, 0, 1, 1, 0, 1, 1, 0, 1, 1, 0, 1, 1, 1, 1, 0, 1, 1, 0, 1, 1, 1, 1, 1, 0, 0, 1, 1, 1, 0, 1, 1, 1, 0, 1, 1, 0, 1, 0, 0, 1, 1, 0, 1, 1, 1, 1, 1, 0, 1, 0, 1, 1, 1, 1, 1, 1, 0, 1, 1, 1, 0, 0, 1, 1, 1, 1, 1, 1, 1, 1, 1, 1, 0, 1, 1, 0, 0, 0, 0, 1, 1, 0, 1, 1, 0, 1, 1, 1, 1, 1, 1, 1, 1, 1, 1, 1, 1, 1, 1, 1, 1, 1, 1, 1, 1, 1, 1, 1, 1, 1, 1, 1, 1, 0, 1, 1, 1, 1, 1, 1, NULL),
(146, 137, 1, 'PTPTN', '', '', '', 0, 1627618284, 3, 0, 3, '00:00', 120, NULL, 0, 0, 0, 0, 0, 0, 0, 0, 0, 1, 0, 0, 1, 1, 1, 0, 0, 1, 0, 0, 0, 1, 1, 1, 1, 0, 0, 1, 1, 0, 0, 1, 0, 1, 1, 1, 0, 1, 1, 1, 0, 1, 1, 0, 1, 1, 0, 1, 1, 1, 1, 0, 1, 0, 0, 0, 1, 1, 1, 0, 1, 1, 0, 0, 0, 0, 1, 0, 0, 0, 0, 0, 0, 1, 0, 0, 1, 1, 0, 1, 0, 0, 1, 0, 0, 1, 0, 1, 1, 0, 1, 0, 1, 1, 1, 0, 1, 1, 1, 1, 1, 1, 1, 0, 1, 0, 1, 1, 1, 1, 1, 0, 0, 0, 1, 1, 1, 1, 1, 0, 0, 1, NULL),
(147, 138, 1, 'JABATAN KOMUNIKASI KORPORAT & PEMASARAN', '', '', '', 0, NULL, 0, 0, 0, '0', 1, NULL, 0, 0, -1, -1, -1, -1, -1, -1, -1, -1, -1, -1, -1, -1, -1, -1, -1, -1, -1, -1, -1, -1, -1, -1, -1, -1, -1, -1, -1, -1, -1, -1, -1, -1, -1, -1, -1, -1, -1, -1, -1, -1, -1, -1, -1, -1, -1, -1, -1, -1, -1, -1, -1, -1, -1, -1, -1, -1, -1, -1, -1, -1, -1, -1, -1, -1, -1, -1, -1, -1, -1, -1, -1, -1, -1, -1, -1, -1, -1, -1, -1, -1, -1, -1, -1, -1, -1, -1, -1, -1, -1, -1, -1, -1, -1, -1, -1, -1, -1, -1, -1, -1, -1, -1, -1, -1, -1, -1, -1, -1, -1, -1, -1, -1, -1, -1, -1, -1, -1, -1, -1, -1, NULL);

-- --------------------------------------------------------

--
-- Table structure for table `psy_batch`
--

CREATE TABLE `psy_batch` (
  `id` int(11) NOT NULL,
  `bat_text` varchar(100) NOT NULL,
  `bat_show` int(11) NOT NULL,
  `allow_register` tinyint(1) NOT NULL,
  `column1` varchar(225) NOT NULL,
  `column2` varchar(225) NOT NULL,
  `column3` varchar(225) NOT NULL,
  `column4` varchar(225) NOT NULL,
  `start_date` date DEFAULT NULL,
  `end_date` date DEFAULT NULL
) ENGINE=InnoDB DEFAULT CHARSET=latin1;

--
-- Dumping data for table `psy_batch`
--

INSERT INTO `psy_batch` (`id`, `bat_text`, `bat_show`, `allow_register`, `column1`, `column2`, `column3`, `column4`, `start_date`, `end_date`) VALUES
(1, 'PTPTN-2021', 1, 1, 'Department', '', '', '', NULL, NULL);

-- --------------------------------------------------------

--
-- Table structure for table `psy_demographic`
--

CREATE TABLE `psy_demographic` (
  `id` int(11) NOT NULL,
  `bat_id` int(11) NOT NULL,
  `column_id` int(11) NOT NULL,
  `demo_value` varchar(225) NOT NULL
) ENGINE=InnoDB DEFAULT CHARSET=utf8mb4;

--
-- Dumping data for table `psy_demographic`
--

INSERT INTO `psy_demographic` (`id`, `bat_id`, `column_id`, `demo_value`) VALUES
(92, 1, 1, 'JABATAN KHIDMAT PENGURUSAN'),
(93, 1, 1, 'PEJABAT PTPTN NEGERI JOHOR');

-- --------------------------------------------------------

--
-- Table structure for table `psy_domain`
--

CREATE TABLE `psy_domain` (
  `id` int(11) NOT NULL,
  `bat_id` int(11) NOT NULL,
  `grade_cat` int(11) NOT NULL
) ENGINE=InnoDB DEFAULT CHARSET=utf8mb4;

--
-- Dumping data for table `psy_domain`
--

INSERT INTO `psy_domain` (`id`, `bat_id`, `grade_cat`) VALUES
(300, 1, 1),
(301, 1, 2),
(302, 1, 3),
(303, 1, 4),
(304, 1, 5),
(305, 1, 6);

-- --------------------------------------------------------

--
-- Table structure for table `psy_grade_cat`
--

CREATE TABLE `psy_grade_cat` (
  `id` int(11) NOT NULL,
  `gcat_text` varchar(200) NOT NULL,
  `gcat_order` int(11) NOT NULL
) ENGINE=InnoDB DEFAULT CHARSET=latin1;

--
-- Dumping data for table `psy_grade_cat`
--

INSERT INTO `psy_grade_cat` (`id`, `gcat_text`, `gcat_order`) VALUES
(1, 'Enterprise', 1),
(2, 'Social', 2),
(3, 'Investigate', 4),
(4, 'Artistic', 5),
(5, 'Conventional', 6),
(6, 'Realistic', 3);

-- --------------------------------------------------------

--
-- Table structure for table `psy_question`
--

CREATE TABLE `psy_question` (
  `que_id` int(11) NOT NULL,
  `que_text` varchar(200) DEFAULT NULL,
  `que_text_bi` varchar(255) DEFAULT NULL,
  `display_cat` tinyint(1) DEFAULT NULL,
  `grade_cat` tinyint(1) DEFAULT NULL
) ENGINE=InnoDB DEFAULT CHARSET=utf8;

--
-- Dumping data for table `psy_question`
--

INSERT INTO `psy_question` (`que_id`, `que_text`, `que_text_bi`, `display_cat`, `grade_cat`) VALUES
(1, 'Membaiki alat-alat elektrik', 'Repair electronic devices', 1, 1),
(2, 'Membaiki alat-alat mekanik', 'Repair mechanics devices', 1, 1),
(3, 'Membuat benda-benda daripada kayu', 'Build up from wood', 1, 1),
(4, 'Memandu trak atau traktor', 'Drive truck or tractor', 1, 1),
(5, 'Mengikuti kursus Lukisan Mekanik', 'Attend mechanic paint course', 1, 1),
(6, 'Menggunakan alatan kerja logam dan mesin', 'Use metal and machinery equipment', 1, 1),
(7, 'Mengubahsuai enjin kereta atau motosikal', 'Modify car or motorcycle engines', 1, 1),
(8, 'Mengikuti kursus Seni Perusahaan', 'Enrol in Industrial Art Course', 1, 1),
(9, 'Mengikuti kursus Kerja Kayu', 'Enrol in Woodwork Course', 1, 1),
(10, 'Mengikuti kursus Auto Mekanik', 'Enrol in Mechanical Automotive Course', 1, 1),
(11, 'Membaca buku atau majalah Sains', 'Read book or magazine on Science', 1, 2),
(12, 'Bekerja dalam makmal penyelidikan', 'Work in Research Laboratory', 1, 2),
(13, 'Membuat kerja projek Sains', 'Work on Scientific Project', 1, 2),
(14, 'Mereka cipta model roket', 'Invent rocket model', 1, 2),
(15, 'Bekerja menggunakan alatan kimia', 'Work using Chemical Apparatus', 1, 2),
(16, 'Membaca subjek-subjek tertentu yang khusus', 'Read on certain specific subjects', 1, 2),
(17, 'Mengikuti kursus Fizik', 'Enrol in Physic courses', 1, 2),
(18, 'Mengikuti kursus Kimia', 'Enrol in Chemistry courses', 1, 2),
(19, 'Mengikuti kursus Geometri', 'Enrol in Geometry courses', 1, 2),
(20, 'Mengikuti kursus Biologi', 'Enrol in Biology course', 1, 2),
(21, 'Melakar, melukis atau mewarnakan', 'Scatch, draw or paintings', 1, 3),
(22, 'Menonton lakonan atau drama', 'Watch plays or drama', 1, 3),
(23, 'Mereka bentuk perabot atau bangunan', 'Design furniture or buildings', 1, 3),
(24, 'Bermain alat muzik dalam kumpulan muzik atau orchestra', 'Play musical instruments in bands or orchestra', 1, 3),
(25, 'Berlatih menggunakan alat muzik', 'Practice using musical instruments', 1, 3),
(26, 'Menghadiri pertunjukan pentas atau muzik', 'Watch stage or musical shows', 1, 3),
(27, 'Mencipta potret atau foto', 'Draw portrait or photos', 1, 3),
(28, 'Membaca buku-buku lakonan', 'Read books on plays', 1, 3),
(29, 'Membaca atau menulis sajak', 'Recite or write poems', 1, 3),
(30, 'Mengikuti kursus Seni Lukis', 'Enrol in Art course', 1, 3),
(31, 'Menulis surat kepada kawan', 'Write letters to friends', 1, 4),
(32, 'Menghadiri perjumpaan agama', 'Go to religious gatherings', 1, 4),
(33, 'Menganggotai kelab sosial', 'Join social clubs', 1, 4),
(34, 'Menolong orang yang mempunyai masalah peribadi', 'Help people having personal problems', 1, 4),
(35, 'Mengajar kanak-kanak', 'Teach children', 1, 4),
(36, 'Menghadiri majlis parti', 'Go to party', 1, 4),
(37, 'Menari', 'Dance', 1, 4),
(38, 'Menghadiri mesyuarat atau persidangan', 'Attend meetings or conferences', 1, 4),
(39, 'Menghadiri temasya sukan', 'Attend Sports Activities', 1, 4),
(40, 'Memulakan persahabatan', 'Starts Friendship', 1, 4),
(41, 'Mempengaruhi orang lain', 'Influence others', 1, 5),
(42, 'Berbincang mengenai politik', 'Discuss about politics', 1, 5),
(43, 'Menguruskan perniagaan sendiri', 'Manage own business', 1, 5),
(44, 'Menghadiri persidangan', 'Attend conferences', 1, 5),
(45, 'Memberi ceramah', 'Deliver talks', 1, 5),
(46, 'Menjadi pemimpin sebarang kumpulan', 'Become leaders of any groups', 1, 5),
(47, 'Menyelia kerja-kerja orang lain', 'Supervise others\' work ', 1, 5),
(48, 'Menemui orang-orang penting', 'Meet Very Important People', 1, 5),
(49, 'Mengetuai kumpulan dalam mencapai suatu matlamat', 'Lead groups to achieve certain', 1, 5),
(50, 'Mengambil bahagian dalam kempen politik', 'Participate in political campaigns', 1, 5),
(51, 'Menaip bahan-bahan bertulis atau surat', 'Type written materials or letters', 1, 6),
(52, 'Mengira angka-angka dalam urusan perniagaan atau menyimpan kira-kira', 'Calculate numerical digits in business or book keeping', 1, 6),
(53, 'Menggunakan mesin perniagaan', 'Using business machines', 1, 6),
(54, 'Menyimpan rekod belanja perniagaan', 'Keep business expenditure  record', 1, 6),
(55, 'Mengikuti kursus komputer', 'Enrol in Computer course', 1, 6),
(56, 'Mengikuti kursus perniagaan', 'Enrol in business course', 1, 6),
(57, 'Mengikuti kursus Simpan Kira', 'Enrol in Book Keeping course', 1, 6),
(58, 'Mengikuti kursus Matematik Perdagangan', 'Enrol in Mathematical Commerce', 1, 6),
(59, 'Menyimpan surat-surat, laporan-laporan, dan rekod dalam fail', 'Filing records', 1, 6),
(60, 'Menulis bil-bil dan surat-surat perniagaan', 'Write bills and business letters', 1, 6),
(61, 'Menggunakan jangka voltan', 'Use volt meter', 2, 1),
(62, 'Melaraskan karburetor', 'Carburettor Tuning', 2, 1),
(63, 'Menggunakan alatan elektrik logam di bengkel seperti gerudi elektrik', 'Use metal electrical equipment in workshop such as electric drills', 2, 1),
(64, 'Mengolah perabot atau barang-barang daripada kayu', 'Make furniture or woodwork', 2, 1),
(65, 'Membaca blueprints atau polisi syarikat atau kerajaan', 'Read  government or companies  blueprints or policies', 2, 1),
(66, 'Membaiki kerosakan elektrik yang mudah', 'Repair simple electrical faulty', 2, 1),
(67, 'Membaiki alat perabot', 'Repair furniture', 2, 1),
(68, 'Membuat lukisan mekanik', 'Mechanical drawing', 2, 1),
(69, 'Membaiki kerosakan radio atau TV yang mudah', 'Repair minor radio or TV faulty', 2, 1),
(70, 'Membaiki kerosakan paip yang mudah', 'Repair minor pipes faulty', 2, 1),
(71, 'Memahami fungsi tiub hampa gas', 'Understand vacuum tube functions', 2, 2),
(72, 'Menamakan tiga jenis makanan yang mempunyai kandungan protein yang tinggi', 'Name three types of high protein food', 2, 2),
(73, 'Memahami \'separuh hayat\' dalam unsur radioaktif', 'Understand \'semi-live\' in radioactive elements', 2, 2),
(74, 'Menggunakan jadual logaritma', 'Use logarithms table', 2, 2),
(75, 'Menggunakan mesinkira untuk mendarab dan membahagi', 'Use calculator for multiplication and division', 2, 2),
(76, 'Menggunakan mikroskop', 'Use microscope', 2, 2),
(77, 'Mengecam tiga gugusan bintang-bintang', 'Recognize three group of stars', 2, 2),
(78, 'Menerangkan fungsi-fungsi darah putih', 'Explain functions of white blood cells', 2, 2),
(79, 'Mentafsir formula kimia yang mudah', 'Interpret simple formula in Chemistry', 2, 2),
(80, 'Memahami mengapa satelit buatan manusia tidak jatuh ke bumi', 'Understand why man made satellit never falls to the earth', 2, 2),
(81, 'Menyanyi dalam bahagian-dua atau bahagian-empat dalam kumpulan nyanyian beramai-ramai', 'Sing in duet of group of four in choir', 2, 3),
(82, 'Melakukan persembahan muzik berseorangan', 'Perform solo musical show', 2, 3),
(83, 'Berlakon dalam sebuah lakonan', 'Act in a play', 2, 3),
(84, 'Membaca sambil menterjemah', 'Read and translate', 2, 3),
(85, 'Menterjemah gerak-geri tarian moden atau balet', 'Translate movements in modern dance or ballet', 2, 3),
(86, 'Melukis gambar manusia sehingga dapat dikenali', 'Draw human photos to be recognized', 2, 3),
(87, 'Mencipta lukisan ataupun ukiran', 'Create drawings or carvings', 2, 3),
(88, 'Membuat barang-barang daripada tembikar', 'Make things from pottery', 3, 3),
(89, 'Mencipta pakaian, poster ataupun perabot', 'Create costumes', 3, 3),
(90, 'Menulis cerita ataupun sajak yang baik', 'Write good poems or stories', 3, 3),
(91, 'Menerangkan sesuatu dengan jelas', 'Explain clearly about something', 3, 4),
(92, 'Bekerjasama atau bekerja dengan orang lain', 'Collaborate or work with others', 3, 4),
(93, 'Melayan tetamu dengan baik', 'Serve guests kindly', 3, 4),
(94, 'Mengajar kanak-kanak', 'Teach children', 3, 4),
(95, 'Merancang hiburan bagi majlis tertentu', 'Plan entertainment for certain occasion', 3, 4),
(96, 'Menolong orang dalam kesusahan ataupun kesedihan', 'Help people in need or sadness', 3, 4),
(97, 'Menjadi pembantu sukarela di hospital, klinik ataupun di rumah orang-orang tua', 'Become a voluntary assistant in hospitals or in old folks homes', 3, 4),
(98, 'Merancang aktiviti-aktiviti amal sekolah', 'Plan entertainment for certain occasion', 3, 4),
(99, 'Meramal personaliti dengan baik', 'Interpret personaly well', 3, 4),
(100, 'Melayan orang yang lebih tua daripada saya dengan baik', 'Serves an elder person than me well', 3, 4),
(101, 'Menyelia kerja-kerja orang lain', 'Supervise others work', 3, 5),
(102, 'Membuat orang lain bekerja mengikut cara saya', 'Ensure others work like me', 3, 5),
(103, 'Mempunyai semangat dan daya tenaga tinggi', 'Have high spirit and strength', 3, 5),
(104, 'Menjadi jurujual yang cemerlang', 'Become an excellent salesperson', 3, 5),
(105, 'Mewakili kumpulan mengemukakan cadangan ataupun aduan kepada pihak berkuasa', 'Represent a group to suggest or lodge report to authorized bodies', 3, 5),
(106, 'Memenangi hadiah untuk kerja-kerja sebagai jurujual ataupun pemimpin', 'Win rewards for jobs as salesperson or as leaders', 3, 5),
(107, 'Mengelola kelab, pertubuhan ataupun kumpulan', 'Organize clubs', 3, 5),
(108, 'Memulakan perniagaan sendiri', 'Starts own business', 3, 5),
(109, 'Menjadi pemimpin berjaya', 'Become a successful leader', 3, 5),
(110, 'Menjadi pendebat yang baik', 'Become a good debater', 3, 5),
(111, 'Mengendalikan mesin fotostat ataupun mesin campur', 'Handle photocopy machine or mixer', 3, 6),
(112, 'Menulis trengkas', 'Write shorthands', 3, 6),
(113, 'Menyimpan surat-surat ataupun bahan-bahan bertulis dalam fail', 'Keep letters or written materials in files', 3, 6),
(114, 'Memegang jawatan di dalam pejabat', 'Holds posts in the office', 3, 6),
(115, 'Menulis rekod simpan kira', 'Book keeping', 3, 6),
(116, 'Menggunakan mesin taip atau computer', 'Use type writer or computer', 3, 6),
(117, 'Membuat banyak kerja bertulis dalam masa yang singkat', 'Do written work within a short time', 3, 6),
(118, 'Menggunakan mesin kira.', 'Use calculator', 3, 6),
(119, 'Menggunakan alat memproses data yang mudah.', 'Use simple data processing tools', 3, 6),
(120, 'Menyimpan rekod bayaran atau jualan dengan rapi', 'Keep payment or sales records neatly', 3, 6);

-- --------------------------------------------------------

--
-- Table structure for table `psy_question_cat`
--

CREATE TABLE `psy_question_cat` (
  `cat_id` int(11) NOT NULL,
  `cat_text` varchar(200) NOT NULL,
  `cat_text_bi` varchar(255) DEFAULT NULL
) ENGINE=InnoDB DEFAULT CHARSET=latin1;

--
-- Dumping data for table `psy_question_cat`
--

INSERT INTO `psy_question_cat` (`cat_id`, `cat_text`, `cat_text_bi`) VALUES
(1, 'Tandakan YA pada perkara yang anda SUKA lakukan', 'Tick YES for the actions that you LIKE'),
(2, 'Tandakan YA pada bidang kecekapan yang INGIN anda miliki', 'Tick YES for the expertise that you want to OBTAIN'),
(3, 'Tandakan YA pada aktiviti yang anda PERCAYA anda dapat mempelajarinya', 'Tick YES for activity that you BELIEVE you can learn');

-- --------------------------------------------------------

--
-- Table structure for table `psy_setting`
--

CREATE TABLE `psy_setting` (
  `id` int(11) NOT NULL,
  `setting_item` varchar(300) NOT NULL,
  `setting_num` int(11) NOT NULL,
  `setting_text` varchar(300) NOT NULL
) ENGINE=InnoDB DEFAULT CHARSET=latin1;

--
-- Dumping data for table `psy_setting`
--

INSERT INTO `psy_setting` (`id`, `setting_item`, `setting_num`, `setting_text`) VALUES
(1, 'showing batch', 1, ''),
(2, 'Open Inteview', 1, '');

-- --------------------------------------------------------

--
-- Table structure for table `psy_zone`
--

CREATE TABLE `psy_zone` (
  `zone_id` int(11) NOT NULL,
  `zone_text` varchar(100) NOT NULL,
  `zone_order` int(11) NOT NULL
) ENGINE=InnoDB DEFAULT CHARSET=latin1;

--
-- Dumping data for table `psy_zone`
--

INSERT INTO `psy_zone` (`zone_id`, `zone_text`, `zone_order`) VALUES
(1, 'Pantai Timur (Kelantan)', 1),
(2, 'Utara (Kedah)', 2),
(3, 'Tengah (Kuala Lumpur)', 3),
(4, 'Selatan (Johor)', 4),
(5, 'NA - Online', 5);

-- --------------------------------------------------------

--
-- Table structure for table `testt`
--

CREATE TABLE `testt` (
  `can_id` int(11) NOT NULL COMMENT 'auto incrementing user_id of each user, unique index',
  `department` varchar(80) COLLATE utf8_unicode_ci DEFAULT NULL,
  `finished_at` int(11) DEFAULT NULL,
  `answer_status` tinyint(1) NOT NULL DEFAULT 0 COMMENT '0=not started, 1=started,3=submited',
  `answer_status2` tinyint(2) NOT NULL DEFAULT 0,
  `overall_status` tinyint(1) NOT NULL DEFAULT 0,
  `answer_last_saved` varchar(8) COLLATE utf8_unicode_ci NOT NULL DEFAULT '0',
  `question_last_saved` int(11) NOT NULL DEFAULT 1,
  `answer_last_saved2` varchar(8) COLLATE utf8_unicode_ci DEFAULT NULL
) ENGINE=InnoDB DEFAULT CHARSET=utf8 COLLATE=utf8_unicode_ci COMMENT='user data';

--
-- Dumping data for table `testt`
--

INSERT INTO `testt` (`can_id`, `department`, `finished_at`, `answer_status`, `answer_status2`, `overall_status`, `answer_last_saved`, `question_last_saved`, `answer_last_saved2`) VALUES
(1, NULL, NULL, 0, 0, 0, '14:44', 120, NULL),
(3, 'MGSEB', 1626665629, 3, 0, 3, '11:45', 120, NULL),
(4, 'JSM', 1627281615, 3, 0, 3, '00:00', 120, NULL),
(5, 'PPN PULAU PINANG', 1627281797, 3, 0, 3, '06:30', 120, NULL),
(6, 'PTPTN', 1627282962, 3, 0, 3, '00:00', 120, NULL),
(7, 'JABATAN KHIDMAT PENGURUSAN', 1627282398, 3, 0, 3, '08:30', 120, NULL),
(8, 'PPNP', 1627282529, 3, 0, 3, '07:00', 120, NULL),
(9, 'PTPTN', 1627286122, 3, 0, 3, '10:42', 120, NULL),
(10, 'JABATAN KOMUNIKASI KORPORAT & PEMASARAN', 1627282848, 3, 0, 3, '08:20', 120, NULL),
(11, 'JABATAN DASAR', 1627284512, 3, 0, 3, '05:26', 120, NULL),
(12, 'JABATAN KEWANGAN DAN AKAUN', NULL, 1, 0, 1, '07:56', 95, NULL),
(13, 'PTPTN NEGERI PERAK', 1627283262, 3, 0, 3, '05:51', 120, NULL),
(14, 'PTPTN', 1627283060, 3, 0, 3, '09:35', 120, NULL),
(15, 'JABATAN KOMUNIKASI KORPORAT DAN PEMASARAN', 1627283397, 3, 0, 3, '09:43', 120, NULL),
(16, 'JABATAN PEROLEHAN', 1627283794, 3, 0, 3, '06:51', 120, NULL),
(17, 'JABATAN SUMBER MANUSIA', 1627284172, 3, 0, 3, '08:05', 120, NULL),
(18, 'Jkkp', 1627285028, 3, 0, 3, '08:51', 120, NULL),
(19, 'JKKP', 1627304848, 3, 0, 3, '08:35', 120, NULL),
(20, 'audit dalam', 1627308436, 3, 0, 3, '08:31', 120, NULL),
(21, 'JABATAN DASAR, PTPTN', 1627320180, 3, 0, 3, '00:00', 120, NULL),
(22, 'JABATAN KEWANGAN & AKAUN', 1627329081, 3, 0, 3, '00:00', 120, NULL),
(23, 'PEJABAT PTPTN NEGERI KUALA LUMPUR', 1627341781, 3, 0, 3, '08:10', 120, NULL),
(24, 'JABATAN KEWANGAN DAN AKAUN', 1627345574, 3, 0, 3, '05:01', 120, NULL),
(25, 'Bahagian Audit Dalam', 1627347829, 3, 0, 3, '05:14', 120, NULL),
(26, 'JABATAN OPERASI CAWANGAN', 1627535083, 3, 0, 3, '08:03', 120, NULL),
(27, 'PERBADANAN TABUNG PENDIDIKAN TINGGI NASIONAL', 1627349111, 3, 0, 3, '07:30', 120, NULL),
(28, 'PPNKL', 1627349496, 3, 0, 3, '06:59', 120, NULL),
(29, 'PERBADANAN TABUNG PENDIDIKAN TINGGI NASIONAL', 1627453965, 3, 0, 3, '00:00', 120, NULL),
(30, 'JABATAN TEKNOLOGI MAKLUMAT (JTM)', 1627350909, 3, 0, 3, '06:01', 120, NULL),
(31, 'PTPTN', 1627351817, 3, 0, 3, '02:11', 120, NULL),
(32, 'PTPTN', 1627351675, 3, 0, 3, '08:25', 120, NULL),
(33, 'PTPTN', 1627351960, 3, 0, 3, '08:51', 120, NULL),
(34, 'JABATAN KOMUNIKASI KORPORAT & PEMASARAN', 1627354436, 3, 0, 3, '00:15', 120, NULL),
(35, 'joc/ppnwp', 1627355178, 3, 0, 3, '05:15', 120, NULL),
(36, 'JKKP PTPTN', 1627355190, 3, 0, 3, '07:04', 120, NULL),
(37, 'JABATAN DASAR', 1627356652, 3, 0, 3, '05:36', 120, NULL),
(38, 'JABATAN KOMUNIKASI KORPORAT DAN PEMASARAN', 1627357546, 3, 0, 3, '04:31', 120, NULL),
(39, 'PTPTN', 1627357643, 3, 0, 3, '06:26', 120, NULL),
(40, 'PTPTN/PPNWP', 1627358333, 3, 0, 3, '07:50', 120, NULL),
(41, 'PEJABAT PTPTN NEGERI KELANTAN', 1627359066, 3, 0, 3, '06:11', 120, NULL),
(42, 'PTPTN - PPN KL SENTRAL', 1627363129, 3, 0, 3, '08:30', 120, NULL),
(43, 'JABATAN KOMUNIKASI KORPORAT DAN PEMASARAN', 1627365657, 3, 0, 3, '07:36', 120, NULL),
(44, 'KPT/PTPTN', 1627370742, 3, 0, 3, '04:15', 120, NULL),
(45, 'JABATAN PENGUATKUASAAN BAYARAN BALIK PINJAMAN DAN LITIGASI', 1627370982, 3, 0, 3, '07:40', 120, NULL),
(46, 'JABATAN OPERASI CAWANGAN', 1627371239, 3, 0, 3, '05:46', 120, NULL),
(47, 'PTPTN', 1627371425, 3, 0, 3, '02:11', 120, NULL),
(48, 'JABATAN TEKNOLOGI MAKLUMAT', 1627377534, 3, 0, 3, '07:15', 120, NULL),
(49, 'PPN KEDAH', 1627381082, 3, 0, 3, '00:00', 120, NULL),
(50, 'PTPTN NEGERI SARAWAK', 1627393324, 3, 0, 3, '04:17', 120, NULL),
(51, 'JABATAN TEKNOLOGI MAKLUMAT', 1627394006, 3, 0, 3, '10:21', 120, NULL),
(52, 'JOC', 1627397006, 3, 0, 3, '00:00', 120, NULL),
(53, 'JKA', 1627398490, 3, 0, 3, '05:01', 120, NULL),
(54, 'Jabatan Perolehan', 1627401977, 3, 0, 3, '00:00', 120, NULL),
(55, 'PEJABAT PTPTN NEGERI WP KUALA LUMPUR', 1627434720, 3, 0, 3, '03:21', 120, NULL),
(56, 'PTPTN', 1627434420, 3, 0, 3, '09:56', 120, NULL),
(57, 'BAHAGIAN KHIDMAT NASIHAT PERUNDANGAN', 1627436289, 3, 0, 3, '02:30', 120, NULL),
(58, 'PTPTN', 1627437327, 3, 0, 3, '03:31', 120, NULL),
(59, 'PTPTN', NULL, 1, 0, 1, '08:05', 49, NULL),
(60, 'PTPTN', 1627439531, 3, 0, 3, '08:01', 120, NULL),
(61, 'PTPTN', 1627442228, 3, 0, 3, '02:15', 120, NULL),
(62, 'Bahagian Pembangunan Perniagaan', 1627443757, 3, 0, 3, '07:15', 120, NULL),
(63, 'Jabatan Pembangunan Perniagaan', 1627444057, 3, 0, 3, '05:20', 120, NULL),
(64, 'abatan Komunikasi Korporat dan Pemasaran', 1627444162, 3, 0, 3, '07:05', 120, NULL),
(65, 'PTPTN/JPBL', 1627445439, 3, 0, 3, '06:51', 120, NULL),
(66, 'JTM', 1627445423, 3, 0, 3, '00:00', 120, NULL),
(67, 'PEJABAT PTPTN NEGERI WP KUALA LUMPUR', 1627450092, 3, 0, 3, '02:00', 120, NULL),
(68, 'PPC RAWANG (RAWANG ONE)', 1627451850, 3, 0, 3, '04:10', 120, NULL),
(69, 'PTPTN', 1627454869, 3, 0, 3, '04:01', 120, NULL),
(70, 'JABATAN DASAR', 1627461974, 3, 0, 3, '03:02', 120, NULL),
(71, 'JPBL', 1627483487, 3, 0, 3, '07:56', 120, NULL),
(72, 'JABATAN PEROLEHAN', 1627490352, 3, 0, 3, '00:00', 120, NULL),
(73, 'PTPTN', 1627522054, 3, 0, 3, '02:31', 120, NULL),
(74, 'JABATAN KHIDMAT PENGURUSAN, PTPTN', 1627521706, 3, 0, 3, '05:55', 120, NULL),
(75, 'Perbendaharaan', 1627521854, 3, 0, 3, '00:00', 120, NULL),
(76, 'PTPTN', 1627522042, 3, 0, 3, '04:25', 120, NULL),
(77, 'JABATAN KHIDMAT PELANGGAN (PTPTN)', 1627521873, 3, 0, 3, '00:00', 120, NULL),
(78, 'JABATAN KOMUNIKASI KORPORAT & PEMASARAN', 1627521896, 3, 0, 3, '00:00', 120, NULL),
(79, 'BPR', 1627522076, 3, 0, 3, '06:51', 120, NULL),
(80, 'joc', 1627522178, 3, 0, 3, '00:00', 120, NULL),
(81, 'JABATAN PERBENDAHARAAN', 1627522201, 3, 0, 3, '00:00', 120, NULL),
(82, 'JABATAN KHIDMAT PENGURUSAN', 1627522363, 3, 0, 3, '08:16', 120, NULL),
(83, 'ppn perak', 1627522240, 3, 0, 3, '10:26', 120, NULL),
(84, 'PPN SARAWAK', 1627523208, 3, 0, 3, '03:56', 120, NULL),
(85, 'JABATAN TEKNOLOGI MAKLUMAT', 1627523018, 3, 0, 3, '08:45', 120, NULL),
(86, 'PTPTN', 1627523284, 3, 0, 3, '05:53', 120, NULL),
(87, 'PTPTN', 1627523374, 3, 0, 3, '06:10', 120, NULL),
(88, 'BPI', 1627523523, 3, 0, 3, '06:06', 120, NULL),
(89, 'PERBADANAN TABUNG PENDIDIKAN TINGGI NASIONAL', 1627523478, 3, 0, 3, '06:12', 120, NULL),
(90, 'JABATAN KOMUMNIKASI KORPORAT & PEMASARAN (JKKP)', NULL, 0, 0, 0, '0', 1, NULL),
(91, 'DASAR', 1627523834, 3, 0, 3, '07:46', 120, NULL),
(92, 'JABATAN TEKNOLOGI MAKLUMAT', 1627523973, 3, 0, 3, '00:00', 120, NULL),
(93, 'JOC', 1627525262, 3, 0, 3, '00:00', 120, NULL),
(94, 'JABATAN OPERASI', 1627524583, 3, 0, 3, '06:05', 120, NULL),
(95, 'PTPTN', 1627525028, 3, 0, 3, '00:00', 120, NULL),
(96, 'PTPTN', 1627525483, 3, 0, 3, '04:36', 120, NULL),
(97, 'Jabatan Operasi Cawangan / PPN Terengganu', 1627526121, 3, 0, 3, '03:32', 120, NULL),
(98, 'BKNP PTPTN', 1627526723, 3, 0, 3, '00:00', 120, NULL),
(99, 'PERBADANAN TABUNG PENDIDIKAN TINGGI NASIONAL', 1627526367, 3, 0, 3, '02:01', 120, NULL),
(100, 'PEJABAT PTPTN NEGERI SABAH', 1627526249, 3, 0, 3, '00:00', 120, NULL),
(101, 'JABATAN OPERASI CAWANGAN', 1627526216, 3, 0, 3, '05:47', 120, NULL),
(102, 'PTPTN', 1627528416, 3, 0, 3, '00:00', 120, NULL),
(103, 'KHIDMAT PELANGGAN', 1627526927, 3, 0, 3, '00:00', 120, NULL),
(104, 'PERBENDAHARAAN', 1627527759, 3, 0, 3, '00:00', 120, NULL),
(105, 'DASAR', 1627527253, 3, 0, 3, '06:21', 120, NULL),
(106, 'BAHAGIAN PEMASARAN PTPTN', 1627527673, 3, 0, 3, '00:00', 120, NULL),
(107, 'JABATAN TEKNOLOGI MAKLUMAT', 1627527580, 3, 0, 3, '08:30', 120, NULL),
(108, 'JKKP', 1627528571, 3, 0, 3, '01:51', 120, NULL),
(109, 'PPN SELANGOR', 1627528940, 3, 0, 3, '00:27', 120, NULL),
(110, 'JABATAN DASAR', 1627528575, 3, 0, 3, '05:46', 120, NULL),
(111, 'BAHAGIAN PENGURUSAN RISIKO', 1627528911, 3, 0, 3, '03:20', 120, NULL),
(112, 'PEJABAT PTPTN NEGERI SELANGOR', 1627528941, 3, 0, 3, '00:00', 120, NULL),
(113, 'PTPTN NEGERI SEMBILAN', 1627529948, 3, 0, 3, '08:01', 120, NULL),
(114, 'PTPTN', 1627530557, 3, 0, 3, '00:00', 120, NULL),
(115, 'PTPTN-JOC', 1627530703, 3, 0, 3, '01:25', 120, NULL),
(116, 'PPN PULAU PINANG', 1627530851, 3, 0, 3, '08:21', 120, NULL),
(117, 'PPNKL', 1627531591, 3, 0, 3, '05:41', 120, NULL),
(118, 'PTPTN', 1627531544, 3, 0, 3, '09:45', 120, NULL),
(119, 'PPN WP KL', 1627532591, 3, 0, 3, '07:22', 120, NULL),
(120, 'PTPTN', 1627533421, 3, 0, 3, '07:40', 120, NULL),
(121, 'PTPTN/ JABATAN DASAR', 1627536408, 3, 0, 3, '00:00', 120, NULL),
(122, 'PTPTN', 1627537412, 3, 0, 3, '00:00', 120, NULL),
(123, 'jabatan dasar', 1627537628, 3, 0, 3, '09:21', 120, NULL),
(124, 'PEJABAT PTPTN NEGERI JOHOR', 1627538776, 3, 0, 3, '08:46', 120, NULL),
(125, 'PTPTN', 1627539192, 3, 0, 3, '00:00', 120, NULL),
(126, 'PERBENDAHARAAN', 1627539398, 3, 0, 3, '05:05', 120, NULL),
(127, 'PPC KLUANG', 1627541825, 3, 0, 3, '03:30', 120, NULL),
(128, 'PPN KEDAH', 1627543906, 3, 0, 3, '08:11', 120, NULL),
(129, 'JABATAN TEKNOLOGI MAKLUMAT', 1627543979, 3, 0, 3, '00:00', 120, NULL),
(130, 'JABATAN SUMBER MANUSIA', 1627544136, 3, 0, 3, '06:23', 120, NULL),
(131, 'JABATAN SUMBER MANUSIA', 1627546425, 3, 0, 3, '00:00', 120, NULL),
(132, 'JKP', 1627546518, 3, 0, 3, '06:43', 120, NULL),
(133, 'JABATAN PENGUATKUASAAN BAYARAN BALIK PINJAMAN & LITIGASI', 1627547026, 3, 0, 3, '07:16', 120, NULL),
(134, 'JK&A', 1627554930, 3, 0, 3, '08:05', 120, NULL),
(135, 'PTPTN NEGERI MELAKA', 1627556490, 3, 0, 3, '05:21', 120, NULL),
(136, 'JSM', 1627556829, 3, 0, 3, '05:56', 120, NULL),
(137, 'PTPTN', 1627618284, 3, 0, 3, '00:00', 120, NULL),
(138, 'JABATAN KOMUNIKASI KORPORAT & PEMASARAN', NULL, 0, 0, 0, '0', 1, NULL);

-- --------------------------------------------------------

--
-- Table structure for table `users`
--

CREATE TABLE `users` (
  `id` int(11) NOT NULL COMMENT 'auto incrementing user_id of each user, unique index',
  `session_id` varchar(48) COLLATE utf8_unicode_ci DEFAULT NULL COMMENT 'stores session cookie id to prevent session concurrency',
  `username` varchar(64) COLLATE utf8_unicode_ci DEFAULT NULL COMMENT 'user''s name, unique',
  `auth_key` varchar(32) COLLATE utf8_unicode_ci NOT NULL,
  `matric_no` varchar(20) COLLATE utf8_unicode_ci DEFAULT NULL,
  `program` varchar(10) COLLATE utf8_unicode_ci NOT NULL DEFAULT '0',
  `password_hash` varchar(255) COLLATE utf8_unicode_ci DEFAULT NULL COMMENT 'user''s password in salted and hashed format',
  `password_reset_token` varchar(255) COLLATE utf8_unicode_ci DEFAULT NULL,
  `email` varchar(255) COLLATE utf8_unicode_ci NOT NULL,
  `status` smallint(6) NOT NULL DEFAULT 10,
  `can_name` varchar(200) COLLATE utf8_unicode_ci DEFAULT NULL,
  `department` varchar(80) COLLATE utf8_unicode_ci DEFAULT NULL,
  `can_batch` int(11) NOT NULL DEFAULT 0,
  `can_zone` int(11) NOT NULL DEFAULT 0,
  `finished_at` int(11) DEFAULT NULL,
  `answer_status` tinyint(1) NOT NULL DEFAULT 0 COMMENT '0=not started, 1=started,3=submited',
  `answer_status2` tinyint(2) NOT NULL DEFAULT 0,
  `overall_status` tinyint(1) NOT NULL DEFAULT 0,
  `answer_last_saved` varchar(8) COLLATE utf8_unicode_ci NOT NULL DEFAULT '0',
  `question_last_saved` int(11) NOT NULL DEFAULT 1,
  `answer_last_saved2` varchar(8) COLLATE utf8_unicode_ci DEFAULT NULL,
  `created_at` int(11) NOT NULL,
  `updated_at` int(11) NOT NULL,
  `verification_token` varchar(255) COLLATE utf8_unicode_ci DEFAULT NULL,
  `user_active` tinyint(1) NOT NULL DEFAULT 0 COMMENT 'user''s activation status',
  `user_deleted` tinyint(1) NOT NULL DEFAULT 0 COMMENT 'user''s deletion status',
  `user_account_type` tinyint(1) NOT NULL DEFAULT 1 COMMENT 'user''s account type (basic, premium, etc)',
  `user_has_avatar` tinyint(1) NOT NULL DEFAULT 0 COMMENT '1 if user has a local avatar, 0 if not',
  `user_remember_me_token` varchar(64) COLLATE utf8_unicode_ci DEFAULT NULL COMMENT 'user''s remember-me cookie token',
  `user_creation_timestamp` bigint(20) DEFAULT NULL COMMENT 'timestamp of the creation of user''s account',
  `user_suspension_timestamp` bigint(20) DEFAULT NULL COMMENT 'Timestamp till the end of a user suspension',
  `user_last_login_timestamp` bigint(20) DEFAULT NULL COMMENT 'timestamp of user''s last login',
  `user_failed_logins` tinyint(1) NOT NULL DEFAULT 0 COMMENT 'user''s failed login attempts',
  `user_last_failed_login` int(10) DEFAULT NULL COMMENT 'unix timestamp of last failed login attempt',
  `user_activation_hash` varchar(40) COLLATE utf8_unicode_ci DEFAULT NULL COMMENT 'user''s email verification hash string',
  `user_password_reset_hash` char(40) COLLATE utf8_unicode_ci DEFAULT NULL COMMENT 'user''s password reset code',
  `user_password_reset_timestamp` bigint(20) DEFAULT NULL COMMENT 'timestamp of the password reset request',
  `user_provider_type` text COLLATE utf8_unicode_ci DEFAULT NULL
) ENGINE=InnoDB DEFAULT CHARSET=utf8 COLLATE=utf8_unicode_ci COMMENT='user data';

--
-- Dumping data for table `users`
--

INSERT INTO `users` (`id`, `session_id`, `username`, `auth_key`, `matric_no`, `program`, `password_hash`, `password_reset_token`, `email`, `status`, `can_name`, `department`, `can_batch`, `can_zone`, `finished_at`, `answer_status`, `answer_status2`, `overall_status`, `answer_last_saved`, `question_last_saved`, `answer_last_saved2`, `created_at`, `updated_at`, `verification_token`, `user_active`, `user_deleted`, `user_account_type`, `user_has_avatar`, `user_remember_me_token`, `user_creation_timestamp`, `user_suspension_timestamp`, `user_last_login_timestamp`, `user_failed_logins`, `user_last_failed_login`, `user_activation_hash`, `user_password_reset_hash`, `user_password_reset_timestamp`, `user_provider_type`) VALUES
(1, '4lg2e2i5hk8af4tj7afhd0k6lj', 'admin', '', NULL, '0', '$2y$13$5jwVMf2PeCPvVfS3tTRFq.XVCcA9sVyVdX/zr4SqjQSk.OQAedSfq', NULL, '', 10, 'Admin', NULL, 1, 0, NULL, 0, 0, 0, '00:00', 120, NULL, 0, 0, NULL, 1, 0, 7, 0, NULL, 1626588811, NULL, 1637826828, 0, NULL, NULL, NULL, NULL, 'DEFAULT'),
(3, 'bee38daa37d7b864837940947965a7a5', '810716065489', '', NULL, '0', NULL, NULL, '', 10, 'Dzulkifli bin Mukhtar', 'MGSEB', 1, 0, 1626665629, 3, 0, 3, '11:45', 120, NULL, 0, 0, NULL, 0, 0, 1, 0, NULL, NULL, NULL, 1626665434, 0, NULL, NULL, NULL, NULL, NULL),
(4, NULL, '760816145256', '', NULL, '0', NULL, NULL, '', 10, 'HASNIDA GANI', 'JSM', 1, 0, 1627281615, 3, 0, 3, '00:00', 120, NULL, 0, 0, NULL, 0, 0, 1, 0, NULL, NULL, NULL, 1627281072, 0, NULL, NULL, NULL, NULL, NULL),
(5, NULL, '730329025700', '', NULL, '0', NULL, NULL, '', 10, 'RUSNANI BINTI OTHMAN', 'PPN PULAU PINANG', 1, 0, 1627281797, 3, 0, 3, '06:30', 120, NULL, 0, 0, NULL, 0, 0, 1, 0, NULL, NULL, NULL, 1627281283, 0, NULL, NULL, NULL, NULL, NULL),
(6, NULL, '780704125582', '', NULL, '0', NULL, NULL, '', 10, 'MULIATI BINTI KAMARUDDIN', 'PTPTN', 1, 0, 1627282962, 3, 0, 3, '00:00', 120, NULL, 0, 0, NULL, 0, 0, 1, 0, NULL, NULL, NULL, 1627878636, 0, NULL, NULL, NULL, NULL, NULL),
(7, 'ea311a44f6e6d93a435b67a51219b0e4', '760614035251', '', NULL, '0', NULL, NULL, '', 10, 'SYERMAN BIN SALLEH', 'JABATAN KHIDMAT PENGURUSAN', 1, 0, 1627282398, 3, 0, 3, '08:30', 120, NULL, 0, 0, NULL, 0, 0, 1, 0, NULL, NULL, NULL, 1627523120, 0, NULL, NULL, NULL, NULL, NULL),
(8, 'd2c1b208b8ef168179d5f9d4620ca957', '740929085597', '', NULL, '0', NULL, NULL, '', 10, 'RAJA SYAHRIMAN RAJA HALIMUL RASHID', 'PPNP', 1, 0, 1627282529, 3, 0, 3, '07:00', 120, NULL, 0, 0, NULL, 0, 0, 1, 0, NULL, NULL, NULL, 1627282074, 0, NULL, NULL, NULL, NULL, NULL),
(9, NULL, '841103145074', '', NULL, '0', NULL, NULL, '', 10, 'FARADINA AZLIN BINTI AZAHAR', 'PTPTN', 1, 0, 1627286122, 3, 0, 3, '10:42', 120, NULL, 0, 0, NULL, 0, 0, 1, 0, NULL, NULL, NULL, 1627285871, 0, NULL, NULL, NULL, NULL, NULL),
(10, 'a1ace3c291f5fbb6aa7782ccbc5140ba', '881105495568', '', NULL, '0', NULL, NULL, '', 10, 'JULIA BINTI ABIOSONG ', 'JABATAN KOMUNIKASI KORPORAT & PEMASARAN', 1, 0, 1627282848, 3, 0, 3, '08:20', 120, NULL, 0, 0, NULL, 0, 0, 1, 0, NULL, NULL, NULL, 1627282455, 0, NULL, NULL, NULL, NULL, NULL),
(11, NULL, '860814025670', '', NULL, '0', NULL, NULL, '', 10, 'NOOR HAZIRAH BINTI GHAZALI', 'JABATAN DASAR', 1, 0, 1627284512, 3, 0, 3, '05:26', 120, NULL, 0, 0, NULL, 0, 0, 1, 0, NULL, NULL, NULL, 1627282483, 0, NULL, NULL, NULL, NULL, NULL),
(12, 'f47aaf77fd13e058b65c61c00714347b', '870526565444', '', NULL, '0', NULL, NULL, '', 10, 'NURSOLEHAH BINTI ZAINUDIN', 'JABATAN KEWANGAN DAN AKAUN', 1, 0, NULL, 1, 0, 1, '07:56', 95, NULL, 0, 0, NULL, 0, 0, 1, 0, NULL, NULL, NULL, 1627282772, 0, NULL, NULL, NULL, NULL, NULL),
(13, NULL, '760919086332', '', NULL, '0', NULL, NULL, '', 10, 'ROHIMI BINTI JALANI @ ZAINI', 'PTPTN NEGERI PERAK', 1, 0, 1627283262, 3, 0, 3, '05:51', 120, NULL, 0, 0, NULL, 0, 0, 1, 0, NULL, NULL, NULL, 1627282776, 0, NULL, NULL, NULL, NULL, NULL),
(14, NULL, '890702085342', '', NULL, '0', NULL, NULL, '', 10, 'FATIN FASEEHA BINTI AZMI', 'PTPTN', 1, 0, 1627283060, 3, 0, 3, '09:35', 120, NULL, 0, 0, NULL, 0, 0, 1, 0, NULL, NULL, NULL, 1627283126, 0, NULL, NULL, NULL, NULL, NULL),
(15, '36a1f3130d322f1d46f3b10a667a14fb', '930804016392', '', NULL, '0', NULL, NULL, '', 10, 'NURUL SHAHIRAH BINTI ESA', 'JABATAN KOMUNIKASI KORPORAT DAN PEMASARAN', 1, 0, 1627283397, 3, 0, 3, '09:43', 120, NULL, 0, 0, NULL, 0, 0, 1, 0, NULL, NULL, NULL, 1627283086, 0, NULL, NULL, NULL, NULL, NULL),
(16, NULL, '881207095071', '', NULL, '0', NULL, NULL, '', 10, 'MOHD MUAZZAM BIN RAZALI', 'JABATAN PEROLEHAN', 1, 0, 1627283794, 3, 0, 3, '06:51', 120, NULL, 0, 0, NULL, 0, 0, 1, 0, NULL, NULL, NULL, 1627283364, 0, NULL, NULL, NULL, NULL, NULL),
(17, NULL, '750922025304', '', NULL, '0', NULL, NULL, '', 10, 'NURLIANA BINTI AB RAHMAN', 'JABATAN SUMBER MANUSIA', 1, 0, 1627284172, 3, 0, 3, '08:05', 120, NULL, 0, 0, NULL, 0, 0, 1, 0, NULL, NULL, NULL, 1627283796, 0, NULL, NULL, NULL, NULL, NULL),
(18, '609acda3d56489d4a2726835ac43307a', '950217145534', '', NULL, '0', NULL, NULL, '', 10, 'Fatin Nur Hanani binti Abdul Halim', 'Jkkp', 1, 0, 1627285028, 3, 0, 3, '08:51', 120, NULL, 0, 0, NULL, 0, 0, 1, 0, NULL, NULL, NULL, 1627284669, 0, NULL, NULL, NULL, NULL, NULL),
(19, NULL, '950212055054', '', NULL, '0', NULL, NULL, '', 10, 'NURLIYANA BINTI AB KADIR', 'JKKP', 1, 0, 1627304848, 3, 0, 3, '08:35', 120, NULL, 0, 0, NULL, 0, 0, 1, 0, NULL, NULL, NULL, 1627304459, 0, NULL, NULL, NULL, NULL, NULL),
(20, '65ec7528063a97aac0ece8f35303362f', '740116035461', '', NULL, '0', NULL, NULL, '', 10, 'noor hasran mohd noor', 'audit dalam', 1, 0, 1627308436, 3, 0, 3, '08:31', 120, NULL, 0, 0, NULL, 0, 0, 1, 0, NULL, NULL, NULL, 1627308048, 0, NULL, NULL, NULL, NULL, NULL),
(21, '6ba3b2a708770478c4d3149a8f293a45', '740418036179', '', NULL, '0', NULL, NULL, '', 10, 'JOE HANNI MOHAMAD', 'JABATAN DASAR, PTPTN', 1, 0, 1627320180, 3, 0, 3, '00:00', 120, NULL, 0, 0, NULL, 0, 0, 1, 0, NULL, NULL, NULL, 1627319476, 0, NULL, NULL, NULL, NULL, NULL),
(22, '5c2ee2a4c212647da13c4edd64445867', '860612335726', '', NULL, '0', NULL, NULL, '', 10, 'AZREEN NINA BINTI ZAINAL', 'JABATAN KEWANGAN & AKAUN', 1, 0, 1627329081, 3, 0, 3, '00:00', 120, NULL, 0, 0, NULL, 0, 0, 1, 0, NULL, NULL, NULL, 1627328576, 0, NULL, NULL, NULL, NULL, NULL),
(23, '670c8bae25522072a338b33a6c472a0e', '880110086625', '', NULL, '0', NULL, NULL, '', 10, 'MUHAMAD HAFIZ BIN ZAMHURI', 'PEJABAT PTPTN NEGERI KUALA LUMPUR', 1, 0, 1627341781, 3, 0, 3, '08:10', 120, NULL, 0, 0, NULL, 0, 0, 1, 0, NULL, NULL, NULL, 1627341401, 0, NULL, NULL, NULL, NULL, NULL),
(24, NULL, '8705265654444', '', NULL, '0', NULL, NULL, '', 10, 'NURSOLEHAH BINTI ZAINUDIN', 'JABATAN KEWANGAN DAN AKAUN', 1, 0, 1627345574, 3, 0, 3, '05:01', 120, NULL, 0, 0, NULL, 0, 0, 1, 0, NULL, NULL, NULL, 1627345036, 0, NULL, NULL, NULL, NULL, NULL),
(25, 'c3d4c7f32bc3a8a83725f726bae68893', '840510026182', '', NULL, '0', NULL, NULL, '', 10, 'Nor Shakiroh Ali @ Hassan', 'Bahagian Audit Dalam', 1, 0, 1627347829, 3, 0, 3, '05:14', 120, NULL, 0, 0, NULL, 0, 0, 1, 0, NULL, NULL, NULL, 1627347248, 0, NULL, NULL, NULL, NULL, NULL),
(26, 'cde5aa5f32c64463872c110a6baafac5', '790703145927', '', NULL, '0', NULL, NULL, '', 10, 'AZLI BIN ABDUL AZIZ', 'JABATAN OPERASI CAWANGAN', 1, 0, 1627535083, 3, 0, 3, '08:03', 120, NULL, 0, 0, NULL, 0, 0, 1, 0, NULL, NULL, NULL, 1627534678, 0, NULL, NULL, NULL, NULL, NULL),
(27, '990827d2d1ba75a037c38487df4780aa', '750901085770', '', NULL, '0', NULL, NULL, '', 10, 'NONA SUZANA BINTI HAJI DESAN', 'PERBADANAN TABUNG PENDIDIKAN TINGGI NASIONAL', 1, 0, 1627349111, 3, 0, 3, '07:30', 120, NULL, 0, 0, NULL, 0, 0, 1, 0, NULL, NULL, NULL, 1627348653, 0, NULL, NULL, NULL, NULL, NULL),
(28, '8b47841cdfd5f869a861b9b42fb69949', '780522085284', '', NULL, '0', NULL, NULL, '', 10, 'YUSHANALIZA BINTI HAMDAN', 'PPNKL', 1, 0, 1627349496, 3, 0, 3, '06:59', 120, NULL, 0, 0, NULL, 0, 0, 1, 0, NULL, NULL, NULL, 1627523455, 0, NULL, NULL, NULL, NULL, NULL),
(29, '8ae1c84cbc278784a67169473b85501d', '870708295334', '', NULL, '0', NULL, NULL, '', 10, 'SITI FAUZIAH BINTI MHD RANY', 'PERBADANAN TABUNG PENDIDIKAN TINGGI NASIONAL', 1, 0, 1627453965, 3, 0, 3, '00:00', 120, NULL, 0, 0, NULL, 0, 0, 1, 0, NULL, NULL, NULL, 1627453475, 0, NULL, NULL, NULL, NULL, NULL),
(30, NULL, '911012065117', '', NULL, '0', NULL, NULL, '', 10, 'MOHD NAZERIN BIN ZOHARI', 'JABATAN TEKNOLOGI MAKLUMAT (JTM)', 1, 0, 1627350909, 3, 0, 3, '06:01', 120, NULL, 0, 0, NULL, 0, 0, 1, 0, NULL, NULL, NULL, 1627350425, 0, NULL, NULL, NULL, NULL, NULL),
(31, NULL, '761028035296', '', NULL, '0', NULL, NULL, '', 10, 'WAN SYAZLIANA BT WAN ISLAM', 'PTPTN', 1, 0, 1627351817, 3, 0, 3, '02:11', 120, NULL, 0, 0, NULL, 0, 0, 1, 0, NULL, NULL, NULL, 1627352889, 0, NULL, NULL, NULL, NULL, NULL),
(32, NULL, '800311015804', '', NULL, '0', NULL, NULL, '', 10, 'MASLITA BINTI SHAHARIN', 'PTPTN', 1, 0, 1627351675, 3, 0, 3, '08:25', 120, NULL, 0, 0, NULL, 0, 0, 1, 0, NULL, NULL, NULL, 1627351276, 0, NULL, NULL, NULL, NULL, NULL),
(33, 'd230fb277969be513ea2972e8bf9972c', '780918025851', '', NULL, '0', NULL, NULL, '', 10, 'FAUZI AZLI BIN SALLEH', 'PTPTN', 1, 0, 1627351960, 3, 0, 3, '08:51', 120, NULL, 0, 0, NULL, 0, 0, 1, 0, NULL, NULL, NULL, 1627351593, 0, NULL, NULL, NULL, NULL, NULL),
(34, 'ab61fc39863b9dda220813bd53de9ec9', '870318355207', '', NULL, '0', NULL, NULL, '', 10, 'MUHAMMAD JIHADULLAH BIN OTHMAN', 'JABATAN KOMUNIKASI KORPORAT & PEMASARAN', 1, 0, 1627354436, 3, 0, 3, '00:15', 120, NULL, 0, 0, NULL, 0, 0, 1, 0, NULL, NULL, NULL, 1627353885, 0, NULL, NULL, NULL, NULL, NULL),
(35, '309c966c9b135acfeb386c13a1bb74cd', '830720085026', '', NULL, '0', NULL, NULL, '', 10, 'intan safura abdul rahman', 'joc/ppnwp', 1, 0, 1627355178, 3, 0, 3, '05:15', 120, NULL, 0, 0, NULL, 0, 0, 1, 0, NULL, NULL, NULL, 1627529212, 0, NULL, NULL, NULL, NULL, NULL),
(36, NULL, '790322095049', '', NULL, '0', NULL, NULL, '', 10, 'AHMAD FAHMIN BIN HARIS', 'JKKP PTPTN', 1, 0, 1627355190, 3, 0, 3, '07:04', 120, NULL, 0, 0, NULL, 0, 0, 1, 0, NULL, NULL, NULL, 1627354726, 0, NULL, NULL, NULL, NULL, NULL),
(37, NULL, '790326035131', '', NULL, '0', NULL, NULL, '', 10, 'MUHAMMAD FAIZAL BIN ADNAN', 'JABATAN DASAR', 1, 0, 1627356652, 3, 0, 3, '05:36', 120, NULL, 0, 0, NULL, 0, 0, 1, 0, NULL, NULL, NULL, 1627356171, 0, NULL, NULL, NULL, NULL, NULL),
(38, 'd408d9b02979831037ead98878fca256', '780722145376', '', NULL, '0', NULL, NULL, '', 10, 'NORHAYATI BT MAAROF', 'JABATAN KOMUNIKASI KORPORAT DAN PEMASARAN', 1, 0, 1627357546, 3, 0, 3, '04:31', 120, NULL, 0, 0, NULL, 0, 0, 1, 0, NULL, NULL, NULL, 1627356916, 0, NULL, NULL, NULL, NULL, NULL),
(39, NULL, '870129075150', '', NULL, '0', NULL, NULL, '', 10, 'NORFADHLINA BINTI ABD WAHID', 'PTPTN', 1, 0, 1627357643, 3, 0, 3, '06:26', 120, NULL, 0, 0, NULL, 0, 0, 1, 0, NULL, NULL, NULL, 1627358784, 0, NULL, NULL, NULL, NULL, NULL),
(40, NULL, '770130065365', '', NULL, '0', NULL, NULL, '', 10, 'ahmad shahril @ muhammad shahrir bin ghazali', 'PTPTN/PPNWP', 1, 0, 1627358333, 3, 0, 3, '07:50', 120, NULL, 0, 0, NULL, 0, 0, 1, 0, NULL, NULL, NULL, 1627357913, 0, NULL, NULL, NULL, NULL, NULL),
(41, NULL, '770616036951', '', NULL, '0', NULL, NULL, '', 10, 'MOHD AZRUL AKMAL BIN MAMAT', 'PEJABAT PTPTN NEGERI KELANTAN', 1, 0, 1627359066, 3, 0, 3, '06:11', 120, NULL, 0, 0, NULL, 0, 0, 1, 0, NULL, NULL, NULL, 1627358546, 0, NULL, NULL, NULL, NULL, NULL),
(42, 'd163ece6e5ef672a7d669938ded103da', '881116566114', '', NULL, '0', NULL, NULL, '', 10, 'Karthinee A/P Perumel', 'PTPTN - PPN KL SENTRAL', 1, 0, 1627363129, 3, 0, 3, '08:30', 120, NULL, 0, 0, NULL, 0, 0, 1, 0, NULL, NULL, NULL, 1627525246, 0, NULL, NULL, NULL, NULL, NULL),
(43, NULL, '960724015282', '', NULL, '0', NULL, NULL, '', 10, 'TEO JIA YI', 'JABATAN KOMUNIKASI KORPORAT DAN PEMASARAN', 1, 0, 1627365657, 3, 0, 3, '07:36', 120, NULL, 0, 0, NULL, 0, 0, 1, 0, NULL, NULL, NULL, 1627365206, 0, NULL, NULL, NULL, NULL, NULL),
(44, NULL, '870710086128', '', NULL, '0', NULL, NULL, '', 10, 'NURUL ASYIKIN BINTI JAAFAR', 'KPT/PTPTN', 1, 0, 1627370742, 3, 0, 3, '04:15', 120, NULL, 0, 0, NULL, 0, 0, 1, 0, NULL, NULL, NULL, 1627370233, 0, NULL, NULL, NULL, NULL, NULL),
(45, 'b87f3499bc80af07d877ca25bc17e930', '840802075744', '', NULL, '0', NULL, NULL, '', 10, 'IMI SAFWANI BINTI ISMAIL', 'JABATAN PENGUATKUASAAN BAYARAN BALIK PINJAMAN DAN LITIGASI', 1, 0, 1627370982, 3, 0, 3, '07:40', 120, NULL, 0, 0, NULL, 0, 0, 1, 0, NULL, NULL, NULL, 1627370541, 0, NULL, NULL, NULL, NULL, NULL),
(46, NULL, '691119115020', '', NULL, '0', NULL, NULL, '', 10, 'AIZAM BINTI ABDUL AZIZ @ DRAHAMAN', 'JABATAN OPERASI CAWANGAN', 1, 0, 1627371239, 3, 0, 3, '05:46', 120, NULL, 0, 0, NULL, 0, 0, 1, 0, NULL, NULL, NULL, 1627370763, 0, NULL, NULL, NULL, NULL, NULL),
(47, '52a5d587eca52598928be7d4aa90aa2c', '870605035150', '', NULL, '0', NULL, NULL, '', 10, 'wan Masni Binti Wan Ismail', 'PTPTN', 1, 0, 1627371425, 3, 0, 3, '02:11', 120, NULL, 0, 0, NULL, 0, 0, 1, 0, NULL, NULL, NULL, 1627370992, 0, NULL, NULL, NULL, NULL, NULL),
(48, '6b7d4bb45459bc0cd5d7b88b39d3364a', '790712115279', '', NULL, '0', NULL, NULL, '', 10, 'AHMAD HUMAIZI B AHMAD RAMLI', 'JABATAN TEKNOLOGI MAKLUMAT', 1, 0, 1627377534, 3, 0, 3, '07:15', 120, NULL, 0, 0, NULL, 0, 0, 1, 0, NULL, NULL, NULL, 1627376837, 0, NULL, NULL, NULL, NULL, NULL),
(49, NULL, '820109105089', '', NULL, '0', NULL, NULL, '', 10, 'FAZIL BIN MUSTAPA', 'PPN KEDAH', 1, 0, 1627381082, 3, 0, 3, '00:00', 120, NULL, 0, 0, NULL, 0, 0, 1, 0, NULL, NULL, NULL, 1627380628, 0, NULL, NULL, NULL, NULL, NULL),
(50, 'f66403c7e4730524783c736d2215db6d', '891205135542', '', NULL, '0', NULL, NULL, '', 10, 'NURFATINI BINTI KAMAL', 'PTPTN NEGERI SARAWAK', 1, 0, 1627393324, 3, 0, 3, '04:17', 120, NULL, 0, 0, NULL, 0, 0, 1, 0, NULL, NULL, NULL, 1627392719, 0, NULL, NULL, NULL, NULL, NULL),
(51, NULL, '850724145127', '', NULL, '0', NULL, NULL, '', 10, 'MUHAMMAD AMIN BIN KHALIP', 'JABATAN TEKNOLOGI MAKLUMAT', 1, 0, 1627394006, 3, 0, 3, '10:21', 120, NULL, 0, 0, NULL, 0, 0, 1, 0, NULL, NULL, NULL, 1627393724, 0, NULL, NULL, NULL, NULL, NULL),
(52, 'df3d441bb0c27051c12713fa1eb5327d', '660521115019', '', NULL, '0', NULL, NULL, '', 10, 'MOHD RUSDI BIN ISMAIL', 'JOC', 1, 0, 1627397006, 3, 0, 3, '00:00', 120, NULL, 0, 0, NULL, 0, 0, 1, 0, NULL, NULL, NULL, 1627396492, 0, NULL, NULL, NULL, NULL, NULL),
(53, NULL, '780918145052', '', NULL, '0', NULL, NULL, '', 10, 'NADIYAH BINTI RAMLI', 'JKA', 1, 0, 1627398490, 3, 0, 3, '05:01', 120, NULL, 0, 0, NULL, 0, 0, 1, 0, NULL, NULL, NULL, 1627397956, 0, NULL, NULL, NULL, NULL, NULL),
(54, 'a4cbb916592ab78a629e5027a8fa6aee', '860215065101', '', NULL, '0', NULL, NULL, '', 10, 'Amir Azham Bin Yunus', 'Jabatan Perolehan', 1, 0, 1627401977, 3, 0, 3, '00:00', 120, NULL, 0, 0, NULL, 0, 0, 1, 0, NULL, NULL, NULL, 1627401555, 0, NULL, NULL, NULL, NULL, NULL),
(55, NULL, '860108085959', '', NULL, '0', NULL, NULL, '', 10, 'NOR AZIZI BIN ABD RAZAK', 'PEJABAT PTPTN NEGERI WP KUALA LUMPUR', 1, 0, 1627434720, 3, 0, 3, '03:21', 120, NULL, 0, 0, NULL, 0, 0, 1, 0, NULL, NULL, NULL, 1627434045, 0, NULL, NULL, NULL, NULL, NULL),
(56, '23b9e2ec278af95b274cf0aeac640a48', '870309066171', '', NULL, '0', NULL, NULL, '', 10, 'KHAIRUL EFFANDY BIN BAHARI', 'PTPTN', 1, 0, 1627434420, 3, 0, 3, '09:56', 120, NULL, 0, 0, NULL, 0, 0, 1, 0, NULL, NULL, NULL, 1627434113, 0, NULL, NULL, NULL, NULL, NULL),
(57, '2cbdbace480043c034807a1d1a3602e1', '770504105692', '', NULL, '0', NULL, NULL, '', 10, 'HAZLINA BT HARMIN', 'BAHAGIAN KHIDMAT NASIHAT PERUNDANGAN', 1, 0, 1627436289, 3, 0, 3, '02:30', 120, NULL, 0, 0, NULL, 0, 0, 1, 0, NULL, NULL, NULL, 1627435556, 0, NULL, NULL, NULL, NULL, NULL),
(58, '354850fdbbaf15db05bc57a3c4d7b6af', '700219065368', '', NULL, '0', NULL, NULL, '', 10, 'MASTURA BINTI MOHD KHALID', 'PTPTN', 1, 0, 1627437327, 3, 0, 3, '03:31', 120, NULL, 0, 0, NULL, 0, 0, 1, 0, NULL, NULL, NULL, 1627436916, 0, NULL, NULL, NULL, NULL, NULL),
(59, '8348c12e6a0404709e1e334336ce101c', '890823146148', '', NULL, '0', NULL, NULL, '', 10, 'NUR SYAZANA ISMAIL', 'PTPTN', 1, 0, NULL, 1, 0, 1, '08:05', 49, NULL, 0, 0, NULL, 0, 0, 1, 0, NULL, NULL, NULL, 1627521202, 0, NULL, NULL, NULL, NULL, NULL),
(60, NULL, '870110305112', '', NULL, '0', NULL, NULL, '', 10, 'NATASHA AMIERA BINTI MOHD GAFFAR', 'PTPTN', 1, 0, 1627439531, 3, 0, 3, '08:01', 120, NULL, 0, 0, NULL, 0, 0, 1, 0, NULL, NULL, NULL, 1627439148, 0, NULL, NULL, NULL, NULL, NULL),
(61, NULL, '861126295583', '', NULL, '0', NULL, NULL, '', 10, 'AHMAD FADHLI BIN ZAKARIA', 'PTPTN', 1, 0, 1627442228, 3, 0, 3, '02:15', 120, NULL, 0, 0, NULL, 0, 0, 1, 0, NULL, NULL, NULL, 1627441862, 0, NULL, NULL, NULL, NULL, NULL),
(62, NULL, '820425025670', '', NULL, '0', NULL, NULL, '', 10, 'Aminah Azmi', 'Bahagian Pembangunan Perniagaan', 1, 0, 1627443757, 3, 0, 3, '07:15', 120, NULL, 0, 0, NULL, 0, 0, 1, 0, NULL, NULL, NULL, 1627443295, 0, NULL, NULL, NULL, NULL, NULL),
(63, NULL, '780920145537', '', NULL, '0', NULL, NULL, '', 10, 'Nur Zulkarnain Bin Che Azmi', 'Jabatan Pembangunan Perniagaan', 1, 0, 1627444057, 3, 0, 3, '05:20', 120, NULL, 0, 0, NULL, 0, 0, 1, 0, NULL, NULL, NULL, 1627443539, 0, NULL, NULL, NULL, NULL, NULL),
(64, '397ccc2fe6b5160a854ed9272ad62ed7', '930106015632', '', NULL, '0', NULL, NULL, '', 10, 'NUR FARAHIN MOHAMAD KHIR', 'abatan Komunikasi Korporat dan Pemasaran', 1, 0, 1627444162, 3, 0, 3, '07:05', 120, NULL, 0, 0, NULL, 0, 0, 1, 0, NULL, NULL, NULL, 1627443728, 0, NULL, NULL, NULL, NULL, NULL),
(65, NULL, '780725035279', '', NULL, '0', NULL, NULL, '', 10, 'AHMAD FARHAM BIN ABDULLAH', 'PTPTN/JPBL', 1, 0, 1627445439, 3, 0, 3, '06:51', 120, NULL, 0, 0, NULL, 0, 0, 1, 0, NULL, NULL, NULL, 1627444944, 0, NULL, NULL, NULL, NULL, NULL),
(66, '1b5df0655f2ead2d3186acc4fcb25aab', '770103035419', '', NULL, '0', NULL, NULL, '', 10, 'RUSYAIZUL BIN HUSAIN', 'JTM', 1, 0, 1627445423, 3, 0, 3, '00:00', 120, NULL, 0, 0, NULL, 0, 0, 1, 0, NULL, NULL, NULL, 1627444985, 0, NULL, NULL, NULL, NULL, NULL),
(67, NULL, '870514016173', '', NULL, '0', NULL, NULL, '', 10, 'MOHD KHAFIZI BIN RAHMAT', 'PEJABAT PTPTN NEGERI WP KUALA LUMPUR', 1, 0, 1627450092, 3, 0, 3, '02:00', 120, NULL, 0, 0, NULL, 0, 0, 1, 0, NULL, NULL, NULL, 1627449433, 0, NULL, NULL, NULL, NULL, NULL),
(68, 'b07ed9e397a371a5a7b4732d2647cc1e', '700701025436', '', NULL, '0', NULL, NULL, '', 10, 'NORHAYATI BINTI MOHD SABRI', 'PPC RAWANG (RAWANG ONE)', 1, 0, 1627451850, 3, 0, 3, '04:10', 120, NULL, 0, 0, NULL, 0, 0, 1, 0, NULL, NULL, NULL, 1627451303, 0, NULL, NULL, NULL, NULL, NULL),
(69, '1437eee614a166ea0788d49823cbcd4b', '790115145752', '', NULL, '0', NULL, NULL, '', 10, 'FARRAH SUHAILY BINTI SAFIAN', 'PTPTN', 1, 0, 1627454869, 3, 0, 3, '04:01', 120, NULL, 0, 0, NULL, 0, 0, 1, 0, NULL, NULL, NULL, 1627454429, 0, NULL, NULL, NULL, NULL, NULL),
(70, 'eeaee8de92de8430c03e8f648565e14a', '820430145626', '', NULL, '0', NULL, NULL, '', 10, 'SITI AISHAH BINTI IDRIS', 'JABATAN DASAR', 1, 0, 1627461974, 3, 0, 3, '03:02', 120, NULL, 0, 0, NULL, 0, 0, 1, 0, NULL, NULL, NULL, 1627461305, 0, NULL, NULL, NULL, NULL, NULL),
(71, NULL, '870603435142', '', NULL, '0', NULL, NULL, '', 10, 'NUR ZAFIRAH BINTI MD. ARIS', 'JPBL', 1, 0, 1627483487, 3, 0, 3, '07:56', 120, NULL, 0, 0, NULL, 0, 0, 1, 0, NULL, NULL, NULL, 1627483020, 0, NULL, NULL, NULL, NULL, NULL),
(72, NULL, '780711025416', '', NULL, '0', NULL, NULL, '', 10, 'CHE ANISHAH BINTI AZIZ', 'JABATAN PEROLEHAN', 1, 0, 1627490352, 3, 0, 3, '00:00', 120, NULL, 0, 0, NULL, 0, 0, 1, 0, NULL, NULL, NULL, 1627489638, 0, NULL, NULL, NULL, NULL, NULL),
(73, '6e06d04406eb86c41bf933101c9ad548', '970911145735', '', NULL, '0', NULL, NULL, '', 10, 'KHAIRI IDZHAR BIN AZMAN', 'PTPTN', 1, 0, 1627522054, 3, 0, 3, '02:31', 120, NULL, 0, 0, NULL, 0, 0, 1, 0, NULL, NULL, NULL, 1627867841, 0, NULL, NULL, NULL, NULL, NULL),
(74, NULL, '740313016403', '', NULL, '0', NULL, NULL, '', 10, 'IRZAT BIN SALEHAN', 'JABATAN KHIDMAT PENGURUSAN, PTPTN', 1, 0, 1627521706, 3, 0, 3, '05:55', 120, NULL, 0, 0, NULL, 0, 0, 1, 0, NULL, NULL, NULL, 1627521240, 0, NULL, NULL, NULL, NULL, NULL),
(75, 'c8ccccd0b4f198c50ca0a588743fa54d', '790606075410', '', NULL, '0', NULL, NULL, '', 10, 'Nor Ruhaila Binti Hajenan', 'Perbendaharaan', 1, 0, 1627521854, 3, 0, 3, '00:00', 120, NULL, 0, 0, NULL, 0, 0, 1, 0, NULL, NULL, NULL, 1627521253, 0, NULL, NULL, NULL, NULL, NULL),
(76, NULL, '740809015068', '', NULL, '0', NULL, NULL, '', 10, 'ARZLIN BINTI SALLEH', 'PTPTN', 1, 0, 1627522042, 3, 0, 3, '04:25', 120, NULL, 0, 0, NULL, 0, 0, 1, 0, NULL, NULL, NULL, 1627521404, 0, NULL, NULL, NULL, NULL, NULL),
(77, 'f759f0033bce06b31d102c9e4337bf08', '851204115084', '', NULL, '0', NULL, NULL, '', 10, 'IKLIMA BINTI MOHAMAD', 'JABATAN KHIDMAT PELANGGAN (PTPTN)', 1, 0, 1627521873, 3, 0, 3, '00:00', 120, NULL, 0, 0, NULL, 0, 0, 1, 0, NULL, NULL, NULL, 1627521445, 0, NULL, NULL, NULL, NULL, NULL),
(78, '694e2e5330a3db7926834f98a49814db', '810924145942', '', NULL, '0', NULL, NULL, '', 10, 'NURKHAIRIAH BINTI NAWI', 'JABATAN KOMUNIKASI KORPORAT & PEMASARAN', 1, 0, 1627521896, 3, 0, 3, '00:00', 120, NULL, 0, 0, NULL, 0, 0, 1, 0, NULL, NULL, NULL, 1627521460, 0, NULL, NULL, NULL, NULL, NULL),
(79, NULL, '760929105816', '', NULL, '0', NULL, NULL, '', 10, 'NOOR AZLINA ABU', 'BPR', 1, 0, 1627522076, 3, 0, 3, '06:51', 120, NULL, 0, 0, NULL, 0, 0, 1, 0, NULL, NULL, NULL, 1627521586, 0, NULL, NULL, NULL, NULL, NULL),
(80, 'f1a1c85659bafc870445301331fa87e8', '780630145336', '', NULL, '0', NULL, NULL, '', 10, 'MASZURA', 'joc', 1, 0, 1627522178, 3, 0, 3, '00:00', 120, NULL, 0, 0, NULL, 0, 0, 1, 0, NULL, NULL, NULL, 1627521691, 0, NULL, NULL, NULL, NULL, NULL),
(81, '56f15dae863a597eb188b895093ab0da', '800914085924', '', NULL, '0', NULL, NULL, '', 10, 'NORHASHIMA SHARIF', 'JABATAN PERBENDAHARAAN', 1, 0, 1627522201, 3, 0, 3, '00:00', 120, NULL, 0, 0, NULL, 0, 0, 1, 0, NULL, NULL, NULL, 1627521766, 0, NULL, NULL, NULL, NULL, NULL),
(82, NULL, '890907035154', '', NULL, '0', NULL, NULL, '', 10, 'SHAHIDATUL AKMAL BINTI YACOB', 'JABATAN KHIDMAT PENGURUSAN', 1, 0, 1627522363, 3, 0, 3, '08:16', 120, NULL, 0, 0, NULL, 0, 0, 1, 0, NULL, NULL, NULL, 1627521916, 0, NULL, NULL, NULL, NULL, NULL),
(83, NULL, '770418215127', '', NULL, '0', NULL, NULL, '', 10, 'andi mohamed', 'ppn perak', 1, 0, 1627522240, 3, 0, 3, '10:26', 120, NULL, 0, 0, NULL, 0, 0, 1, 0, NULL, NULL, NULL, 1627521961, 0, NULL, NULL, NULL, NULL, NULL),
(84, NULL, '810112135909', '', NULL, '0', NULL, NULL, '', 10, 'YUSSUF BIN CHIK', 'PPN SARAWAK', 1, 0, 1627523208, 3, 0, 3, '03:56', 120, NULL, 0, 0, NULL, 0, 0, 1, 0, NULL, NULL, NULL, 1627522591, 0, NULL, NULL, NULL, NULL, NULL),
(85, NULL, '960723085182', '', NULL, '0', NULL, NULL, '', 10, 'AINNUR FASHEHAH YUSOP', 'JABATAN TEKNOLOGI MAKLUMAT', 1, 0, 1627523018, 3, 0, 3, '08:45', 120, NULL, 0, 0, NULL, 0, 0, 1, 0, NULL, NULL, NULL, 1627522635, 0, NULL, NULL, NULL, NULL, NULL),
(86, '70d6e3eacbaa76e195c89b5ca2af0738', '750712115483', '', NULL, '0', NULL, NULL, '', 10, 'AHMAD DASUKI ABDUL MAJID', 'PTPTN', 1, 0, 1627523284, 3, 0, 3, '05:53', 120, NULL, 0, 0, NULL, 0, 0, 1, 0, NULL, NULL, NULL, 1627522746, 0, NULL, NULL, NULL, NULL, NULL),
(87, NULL, '780706065368', '', NULL, '0', NULL, NULL, '', 10, 'SAPIZA BINTI AJUHARI', 'PTPTN', 1, 0, 1627523374, 3, 0, 3, '06:10', 120, NULL, 0, 0, NULL, 0, 0, 1, 0, NULL, NULL, NULL, 1627522849, 0, NULL, NULL, NULL, NULL, NULL),
(88, NULL, '770420055894', '', NULL, '0', NULL, NULL, '', 10, 'AISAFARI BINTI SUPARMAN', 'BPI', 1, 0, 1627523523, 3, 0, 3, '06:06', 120, NULL, 0, 0, NULL, 0, 0, 1, 0, NULL, NULL, NULL, 1627522982, 0, NULL, NULL, NULL, NULL, NULL),
(89, '268f37a3cff5aec66b6cb7194a5a9055', '750710025329', '', NULL, '0', NULL, NULL, '', 10, 'AZHAR BIN AHMAD', 'PERBADANAN TABUNG PENDIDIKAN TINGGI NASIONAL', 1, 0, 1627523478, 3, 0, 3, '06:12', 120, NULL, 0, 0, NULL, 0, 0, 1, 0, NULL, NULL, NULL, 1627523025, 0, NULL, NULL, NULL, NULL, NULL),
(90, '6a3a2c3c4e03a81801c60c1e6ff21de5', '940621145158', '', NULL, '0', NULL, NULL, '', 10, 'SYAHIRAH BINTI OSMAN', 'JABATAN KOMUMNIKASI KORPORAT & PEMASARAN (JKKP)', 1, 0, NULL, 0, 0, 0, '0', 1, NULL, 0, 0, NULL, 0, 0, 1, 0, NULL, NULL, NULL, 1627523108, 0, NULL, NULL, NULL, NULL, NULL),
(91, NULL, '820614105864', '', NULL, '0', NULL, NULL, '', 10, 'NORAZILAH', 'DASAR', 1, 0, 1627523834, 3, 0, 3, '07:46', 120, NULL, 0, 0, NULL, 0, 0, 1, 0, NULL, NULL, NULL, 1627523390, 0, NULL, NULL, NULL, NULL, NULL),
(92, '5d5cce7fe0def0ca2d9a41e077cc6f08', '781202025295', '', NULL, '0', NULL, NULL, '', 10, 'ZAHIRUDIN BIN ZAINOL ABIDIN', 'JABATAN TEKNOLOGI MAKLUMAT', 1, 0, 1627523973, 3, 0, 3, '00:00', 120, NULL, 0, 0, NULL, 0, 0, 1, 0, NULL, NULL, NULL, 1627523673, 0, NULL, NULL, NULL, NULL, NULL),
(93, '3a325aefb9aacac5ebc8e5bd1c9e1988', '820831035647', '', NULL, '0', NULL, NULL, '', 10, 'MOHD SHAREZAM BIN ABDULLAH', 'JOC', 1, 0, 1627525262, 3, 0, 3, '00:00', 120, NULL, 0, 0, NULL, 0, 0, 1, 0, NULL, NULL, NULL, 1627523894, 0, NULL, NULL, NULL, NULL, NULL),
(94, NULL, '820902016030', '', NULL, '0', NULL, NULL, '', 10, 'NUR ZUYANA BINTI JAMARI', 'JABATAN OPERASI', 1, 0, 1627524583, 3, 0, 3, '06:05', 120, NULL, 0, 0, NULL, 0, 0, 1, 0, NULL, NULL, NULL, 1627524077, 0, NULL, NULL, NULL, NULL, NULL),
(95, 'a33ae7906c74ff2cc6c24bf7182f1de2', '841206035169', '', NULL, '0', NULL, NULL, '', 10, 'MOHD AIZOL KIBRI BIN RAMLI', 'PTPTN', 1, 0, 1627525028, 3, 0, 3, '00:00', 120, NULL, 0, 0, NULL, 0, 0, 1, 0, NULL, NULL, NULL, 1627524402, 0, NULL, NULL, NULL, NULL, NULL),
(96, '812242d61d68b61bda5ccbc5f207ed4e', '790306025008', '', NULL, '0', NULL, NULL, '', 10, 'ROSNI BINTI ABD RAHMAN', 'PTPTN', 1, 0, 1627525483, 3, 0, 3, '04:36', 120, NULL, 0, 0, NULL, 0, 0, 1, 0, NULL, NULL, NULL, 1627524922, 0, NULL, NULL, NULL, NULL, NULL),
(97, '37e4cc1dc92fcd246b0af43885582ae6', '780521115234', '', NULL, '0', NULL, NULL, '', 10, 'AZIZAH BINTI NASIK @ ABD RASHID', 'Jabatan Operasi Cawangan / PPN Terengganu', 1, 0, 1627526121, 3, 0, 3, '03:32', 120, NULL, 0, 0, NULL, 0, 0, 1, 0, NULL, NULL, NULL, 1627525490, 0, NULL, NULL, NULL, NULL, NULL),
(98, '832434abb5ec4543d1c283517ca09515', '870105295466', '', NULL, '0', NULL, NULL, '', 10, 'AMAL NASIBAH BINTI ISMAIL', 'BKNP PTPTN', 1, 0, 1627526723, 3, 0, 3, '00:00', 120, NULL, 0, 0, NULL, 0, 0, 1, 0, NULL, NULL, NULL, 1627525560, 0, NULL, NULL, NULL, NULL, NULL),
(99, 'c6a6ff0ed8a1b984948dec29cb6e5179', '780412105088', '', NULL, '0', NULL, NULL, '', 10, 'RABI\' ATUL ADAWIAH BINTI AZIS', 'PERBADANAN TABUNG PENDIDIKAN TINGGI NASIONAL', 1, 0, 1627526367, 3, 0, 3, '02:01', 120, NULL, 0, 0, NULL, 0, 0, 1, 0, NULL, NULL, NULL, 1627525572, 0, NULL, NULL, NULL, NULL, NULL),
(100, '22b8539c41e6e76e6787e0defaaed800', '770622036421', '', NULL, '0', NULL, NULL, '', 10, 'HAMDAN BIN RAZALI', 'PEJABAT PTPTN NEGERI SABAH', 1, 0, 1627526249, 3, 0, 3, '00:00', 120, NULL, 0, 0, NULL, 0, 0, 1, 0, NULL, NULL, NULL, 1627525587, 0, NULL, NULL, NULL, NULL, NULL),
(101, '8a126369d75d876dcc162272c0ea14e2', '750102038249', '', NULL, '0', NULL, NULL, '', 10, 'MOHD SHAHROM BIN YUSOFF', 'JABATAN OPERASI CAWANGAN', 1, 0, 1627526216, 3, 0, 3, '05:47', 120, NULL, 0, 0, NULL, 0, 0, 1, 0, NULL, NULL, NULL, 1627525669, 0, NULL, NULL, NULL, NULL, NULL),
(102, NULL, '930309145197', '', NULL, '0', NULL, NULL, '', 10, 'MUHAMMAD AZIQ IQRAM BIN MOHD RADZI RAJENDRAN', 'PTPTN', 1, 0, 1627528416, 3, 0, 3, '00:00', 120, NULL, 0, 0, NULL, 0, 0, 1, 0, NULL, NULL, NULL, 1627526311, 0, NULL, NULL, NULL, NULL, NULL),
(103, '50fd450a589d9674a2c01d4ae5f58948', '810529145686', '', NULL, '0', NULL, NULL, '', 10, 'WIWID ASNAH WILLIS BINTI YAAKUB', 'KHIDMAT PELANGGAN', 1, 0, 1627526927, 3, 0, 3, '00:00', 120, NULL, 0, 0, NULL, 0, 0, 1, 0, NULL, NULL, NULL, 1627526429, 0, NULL, NULL, NULL, NULL, NULL),
(104, NULL, '760316035245', '', NULL, '0', NULL, NULL, '', 10, 'AINUDIN RAMDAN BIN AB RASHID', 'PERBENDAHARAAN', 1, 0, 1627527759, 3, 0, 3, '00:00', 120, NULL, 0, 0, NULL, 0, 0, 1, 0, NULL, NULL, NULL, 1627526497, 0, NULL, NULL, NULL, NULL, NULL),
(105, NULL, '780504025456', '', NULL, '0', NULL, NULL, '', 10, 'FARRAH WAHEIDA BINTI SHOEB', 'DASAR', 1, 0, 1627527253, 3, 0, 3, '06:21', 120, NULL, 0, 0, NULL, 0, 0, 1, 0, NULL, NULL, NULL, 1627526730, 0, NULL, NULL, NULL, NULL, NULL),
(106, NULL, '910211145166', '', NULL, '0', NULL, NULL, '', 10, 'NUR HADZWANI BINTI HAMDAN', 'BAHAGIAN PEMASARAN PTPTN', 1, 0, 1627527673, 3, 0, 3, '00:00', 120, NULL, 0, 0, NULL, 0, 0, 1, 0, NULL, NULL, NULL, 1627527127, 0, NULL, NULL, NULL, NULL, NULL),
(107, '4e356ee0f8ab20bb135e3df753ba7985', '920320085608', '', NULL, '0', NULL, NULL, '', 10, 'NUR FAIZA BINTI ALI', 'JABATAN TEKNOLOGI MAKLUMAT', 1, 0, 1627527580, 3, 0, 3, '08:30', 120, NULL, 0, 0, NULL, 0, 0, 1, 0, NULL, NULL, NULL, 1627527657, 0, NULL, NULL, NULL, NULL, NULL),
(108, NULL, '821007125745', '', NULL, '0', NULL, NULL, '', 10, 'MOHD AINAL SALSIDU', 'JKKP', 1, 0, 1627528571, 3, 0, 3, '01:51', 120, NULL, 0, 0, NULL, 0, 0, 1, 0, NULL, NULL, NULL, 1627527833, 0, NULL, NULL, NULL, NULL, NULL),
(109, '28d5647c1b653829de9366504c23f979', '700504065228', '', NULL, '0', NULL, NULL, '', 10, 'ROHAIDA BINTI DERIS', 'PPN SELANGOR', 1, 0, 1627528940, 3, 0, 3, '00:27', 120, NULL, 0, 0, NULL, 0, 0, 1, 0, NULL, NULL, NULL, 1627528470, 0, NULL, NULL, NULL, NULL, NULL),
(110, '5974b2d2f906fa2160aedbf2f5bc7441', '820806015580', '', NULL, '0', NULL, NULL, '', 10, 'NOREMILDA BINTI MD JALI', 'JABATAN DASAR', 1, 0, 1627528575, 3, 0, 3, '05:46', 120, NULL, 0, 0, NULL, 0, 0, 1, 0, NULL, NULL, NULL, 1627528015, 0, NULL, NULL, NULL, NULL, NULL),
(111, NULL, '781113055302', '', NULL, '0', NULL, NULL, '', 10, 'Siti Madiah Binti Salim', 'BAHAGIAN PENGURUSAN RISIKO', 1, 0, 1627528911, 3, 0, 3, '03:20', 120, NULL, 0, 0, NULL, 0, 0, 1, 0, NULL, NULL, NULL, 1627528210, 0, NULL, NULL, NULL, NULL, NULL),
(112, '17a561f5de291e35d7ecf6436ade096c', '780727115248', '', NULL, '0', NULL, NULL, '', 10, 'MASTURA BINTI MAHAMOOD', 'PEJABAT PTPTN NEGERI SELANGOR', 1, 0, 1627528941, 3, 0, 3, '00:00', 120, NULL, 0, 0, NULL, 0, 0, 1, 0, NULL, NULL, NULL, 1627528397, 0, NULL, NULL, NULL, NULL, NULL),
(113, '60eea84aa8faa0284f4c2b7899dab859', '821214035742', '', NULL, '0', NULL, NULL, '', 10, 'MAZNIRA MOKHTAR', 'PTPTN NEGERI SEMBILAN', 1, 0, 1627529948, 3, 0, 3, '08:01', 120, NULL, 0, 0, NULL, 0, 0, 1, 0, NULL, NULL, NULL, 1627529618, 0, NULL, NULL, NULL, NULL, NULL),
(114, 'd03669b913fbae2e3028069a69c95c12', '790829105402', '', NULL, '0', NULL, NULL, '', 10, 'AIN SYUHARA BINTI IDRIS', 'PTPTN', 1, 0, 1627530557, 3, 0, 3, '00:00', 120, NULL, 0, 0, NULL, 0, 0, 1, 0, NULL, NULL, NULL, 1627529699, 0, NULL, NULL, NULL, NULL, NULL),
(115, '14f64107e203189afc76ce0c484eab38', '810716085316', '', NULL, '0', NULL, NULL, '', 10, 'NURULHUSNA HUSSIN', 'PTPTN-JOC', 1, 0, 1627530703, 3, 0, 3, '01:25', 120, NULL, 0, 0, NULL, 0, 0, 1, 0, NULL, NULL, NULL, 1627530185, 0, NULL, NULL, NULL, NULL, NULL),
(116, NULL, '840730025317', '', NULL, '0', NULL, NULL, '', 10, 'MUHAMMAD MUHSIN BIN ABDUL RAHMAN', 'PPN PULAU PINANG', 1, 0, 1627530851, 3, 0, 3, '08:21', 120, NULL, 0, 0, NULL, 0, 0, 1, 0, NULL, NULL, NULL, 1627530514, 0, NULL, NULL, NULL, NULL, NULL),
(117, 'ec6b7153d2defe01efc92cdfb75399ed', '780828035204', '', NULL, '0', NULL, NULL, '', 10, 'NURUL AIMA BINTI ABDULLAH', 'PPNKL', 1, 0, 1627531591, 3, 0, 3, '05:41', 120, NULL, 0, 0, NULL, 0, 0, 1, 0, NULL, NULL, NULL, 1627531708, 0, NULL, NULL, NULL, NULL, NULL),
(118, 'cc36df55f0e3592a3ee7b493c6e11ecc', '870318565554', '', NULL, '0', NULL, NULL, '', 10, 'NUR NADIAH BINTI MOHAMAD TAMAZI', 'PTPTN', 1, 0, 1627531544, 3, 0, 3, '09:45', 120, NULL, 0, 0, NULL, 0, 0, 1, 0, NULL, NULL, NULL, 1627531150, 0, NULL, NULL, NULL, NULL, NULL),
(119, '7e8c5628bbc5ad994214fe541ef41903', '791015145004', '', NULL, '0', NULL, NULL, '', 10, 'UMMI NADIRA BINTI JUSOH', 'PPN WP KL', 1, 0, 1627532591, 3, 0, 3, '07:22', 120, NULL, 0, 0, NULL, 0, 0, 1, 0, NULL, NULL, NULL, 1627532132, 0, NULL, NULL, NULL, NULL, NULL),
(120, NULL, '780723015872', '', NULL, '0', NULL, NULL, '', 10, 'HASLIZA BINTI ABDUL LATIFF', 'PTPTN', 1, 0, 1627533421, 3, 0, 3, '07:40', 120, NULL, 0, 0, NULL, 0, 0, 1, 0, NULL, NULL, NULL, 1627533047, 0, NULL, NULL, NULL, NULL, NULL),
(121, 'bdbe826e32c2af8cff34294c5f11f33b', '790330025606', '', NULL, '0', NULL, NULL, '', 10, 'NURUL HANI BINTI BUDIN', 'PTPTN/ JABATAN DASAR', 1, 0, 1627536408, 3, 0, 3, '00:00', 120, NULL, 0, 0, NULL, 0, 0, 1, 0, NULL, NULL, NULL, 1627535945, 0, NULL, NULL, NULL, NULL, NULL),
(122, '318ff52f2295f7260bc4ccd8b63d0e87', '811221016524', '', NULL, '0', NULL, NULL, '', 10, 'MAZNI RUSLAN', 'PTPTN', 1, 0, 1627537412, 3, 0, 3, '00:00', 120, NULL, 0, 0, NULL, 0, 0, 1, 0, NULL, NULL, NULL, 1627536747, 0, NULL, NULL, NULL, NULL, NULL),
(123, '3abd515b415adb44c7c9015bd5516a38', '780808055558', '', NULL, '0', NULL, NULL, '', 10, 'umikalsom mohd yusoh', 'jabatan dasar', 1, 0, 1627537628, 3, 0, 3, '09:21', 120, NULL, 0, 0, NULL, 0, 0, 1, 0, NULL, NULL, NULL, 1627537300, 0, NULL, NULL, NULL, NULL, NULL),
(124, 'bc09e6752f75d4d57bb62d5f6c2633d1', '880206565209', '', NULL, '0', NULL, NULL, '', 10, 'ADZMIL AINUDDIN BIN AHMAD', 'PEJABAT PTPTN NEGERI JOHOR', 1, 0, 1627538776, 3, 0, 3, '08:46', 120, NULL, 0, 0, NULL, 0, 0, 1, 0, NULL, NULL, NULL, 1627538397, 0, NULL, NULL, NULL, NULL, NULL),
(125, '14648ef8554fadea79d99503f52c4485', '780311025249', '', NULL, '0', NULL, NULL, '', 10, 'FARIZ BIN YAHAYA', 'PTPTN', 1, 0, 1627539192, 3, 0, 3, '00:00', 120, NULL, 0, 0, NULL, 0, 0, 1, 0, NULL, NULL, NULL, 1627538732, 0, NULL, NULL, NULL, NULL, NULL),
(126, NULL, '850906086500', '', NULL, '0', NULL, NULL, '', 10, 'JANNATUN NAIM BINTI NAZMI', 'PERBENDAHARAAN', 1, 0, 1627539398, 3, 0, 3, '05:05', 120, NULL, 0, 0, NULL, 0, 0, 1, 0, NULL, NULL, NULL, 1627538798, 0, NULL, NULL, NULL, NULL, NULL),
(127, NULL, '790221015740', '', NULL, '0', NULL, NULL, '', 10, 'RAFIDAH SIDEK', 'PPC KLUANG', 1, 0, 1627541825, 3, 0, 3, '03:30', 120, NULL, 0, 0, NULL, 0, 0, 1, 0, NULL, NULL, NULL, 1627542021, 0, NULL, NULL, NULL, NULL, NULL),
(128, 'c6d291d08782578b68df4eb01f991095', '890818086195', '', NULL, '0', NULL, NULL, '', 10, 'MUHAMAD KHAIRUL ASRAF BIN AHMAD ZAMRI', 'PPN KEDAH', 1, 0, 1627543906, 3, 0, 3, '08:11', 120, NULL, 0, 0, NULL, 0, 0, 1, 0, NULL, NULL, NULL, 1627543487, 0, NULL, NULL, NULL, NULL, NULL),
(129, NULL, '941113105402', '', NULL, '0', NULL, NULL, '', 10, 'NUR SYAHIRAH BINTI AZMI', 'JABATAN TEKNOLOGI MAKLUMAT', 1, 0, 1627543979, 3, 0, 3, '00:00', 120, NULL, 0, 0, NULL, 0, 0, 1, 0, NULL, NULL, NULL, 1627543526, 0, NULL, NULL, NULL, NULL, NULL),
(130, '51a5b7f17fdaabf81637758002b08a16', '940223105580', '', NULL, '0', NULL, NULL, '', 10, 'FAZREEN BINTI KAMSUDIN', 'JABATAN SUMBER MANUSIA', 1, 0, 1627544136, 3, 0, 3, '06:23', 120, NULL, 0, 0, NULL, 0, 0, 1, 0, NULL, NULL, NULL, 1627543623, 0, NULL, NULL, NULL, NULL, NULL),
(131, 'f56d8a14deedd9b3d76507c0d1b829b3', '790705105291', '', NULL, '0', NULL, NULL, '', 10, 'ESRIFARIDZ BIN SUBOHI', 'JABATAN SUMBER MANUSIA', 1, 0, 1627546425, 3, 0, 3, '00:00', 120, NULL, 0, 0, NULL, 0, 0, 1, 0, NULL, NULL, NULL, 1627546036, 0, NULL, NULL, NULL, NULL, NULL),
(132, NULL, '781112035115', '', NULL, '0', NULL, NULL, '', 10, 'muhamad Norimi Bin Ismail', 'JKP', 1, 0, 1627546518, 3, 0, 3, '06:43', 120, NULL, 0, 0, NULL, 0, 0, 1, 0, NULL, NULL, NULL, 1627546059, 0, NULL, NULL, NULL, NULL, NULL),
(133, 'ab52ffb7b97fe11125effb1e34b68492', '840918145847', '', NULL, '0', NULL, NULL, '', 10, 'MUHAMAD AMINUDDIN BIN AHMAD MAULANA', 'JABATAN PENGUATKUASAAN BAYARAN BALIK PINJAMAN & LITIGASI', 1, 0, 1627547026, 3, 0, 3, '07:16', 120, NULL, 0, 0, NULL, 0, 0, 1, 0, NULL, NULL, NULL, 1627546568, 0, NULL, NULL, NULL, NULL, NULL),
(134, NULL, '800811035262', '', NULL, '0', NULL, NULL, '', 10, 'NORIZA BINTI MOHD RASED', 'JK&A', 1, 0, 1627554930, 3, 0, 3, '08:05', 120, NULL, 0, 0, NULL, 0, 0, 1, 0, NULL, NULL, NULL, 1627554973, 0, NULL, NULL, NULL, NULL, NULL),
(135, 'c2f1442498d7c307a3254595cf7ba189', '770720045436', '', NULL, '0', NULL, NULL, '', 10, 'MAS ANISAH AYU BINTI OTHMAN', 'PTPTN NEGERI MELAKA', 1, 0, 1627556490, 3, 0, 3, '05:21', 120, NULL, 0, 0, NULL, 0, 0, 1, 0, NULL, NULL, NULL, 1627555962, 0, NULL, NULL, NULL, NULL, NULL),
(136, NULL, '760321026255', '', NULL, '0', NULL, NULL, '', 10, 'HASRUL NIZAM BIN CHE HASHIM', 'JSM', 1, 0, 1627556829, 3, 0, 3, '05:56', 120, NULL, 0, 0, NULL, 0, 0, 1, 0, NULL, NULL, NULL, 1627556319, 0, NULL, NULL, NULL, NULL, NULL),
(137, '902eed233949ab1a731abc54b3352727', '740702035667', '', NULL, '0', NULL, NULL, '', 10, 'MOHD NASDI BIN CHE HASSAN', 'PTPTN', 1, 0, 1627618284, 3, 0, 3, '00:00', 120, NULL, 0, 0, NULL, 0, 0, 1, 0, NULL, NULL, NULL, 1627617840, 0, NULL, NULL, NULL, NULL, NULL),
(138, NULL, '880711036180', '', NULL, '0', NULL, NULL, '', 10, 'SITI HASLINI BINTI ZAKARIA', 'JABATAN KOMUNIKASI KORPORAT & PEMASARAN', 1, 0, NULL, 0, 0, 0, '0', 1, NULL, 0, 0, NULL, 0, 0, 1, 0, NULL, NULL, NULL, 1627629434, 0, NULL, NULL, NULL, NULL, NULL);

--
-- Indexes for dumped tables
--

--
-- Indexes for table `auth_assignment`
--
ALTER TABLE `auth_assignment`
  ADD PRIMARY KEY (`item_name`,`user_id`),
  ADD KEY `auth_assignment_user_id_idx` (`user_id`);

--
-- Indexes for table `auth_item`
--
ALTER TABLE `auth_item`
  ADD PRIMARY KEY (`name`),
  ADD KEY `rule_name` (`rule_name`),
  ADD KEY `idx-auth_item-type` (`type`);

--
-- Indexes for table `auth_item_child`
--
ALTER TABLE `auth_item_child`
  ADD PRIMARY KEY (`parent`,`child`),
  ADD KEY `child` (`child`);

--
-- Indexes for table `auth_rule`
--
ALTER TABLE `auth_rule`
  ADD PRIMARY KEY (`name`);

--
-- Indexes for table `data_import`
--
ALTER TABLE `data_import`
  ADD PRIMARY KEY (`id`),
  ADD UNIQUE KEY `can_ic` (`can_ic`);

--
-- Indexes for table `migration`
--
ALTER TABLE `migration`
  ADD PRIMARY KEY (`version`);

--
-- Indexes for table `psy_answers`
--
ALTER TABLE `psy_answers`
  ADD PRIMARY KEY (`id`);

--
-- Indexes for table `psy_batch`
--
ALTER TABLE `psy_batch`
  ADD PRIMARY KEY (`id`);

--
-- Indexes for table `psy_demographic`
--
ALTER TABLE `psy_demographic`
  ADD PRIMARY KEY (`id`);

--
-- Indexes for table `psy_domain`
--
ALTER TABLE `psy_domain`
  ADD PRIMARY KEY (`id`);

--
-- Indexes for table `psy_grade_cat`
--
ALTER TABLE `psy_grade_cat`
  ADD PRIMARY KEY (`id`);

--
-- Indexes for table `psy_question`
--
ALTER TABLE `psy_question`
  ADD PRIMARY KEY (`que_id`);

--
-- Indexes for table `psy_question_cat`
--
ALTER TABLE `psy_question_cat`
  ADD PRIMARY KEY (`cat_id`);

--
-- Indexes for table `psy_setting`
--
ALTER TABLE `psy_setting`
  ADD PRIMARY KEY (`id`);

--
-- Indexes for table `psy_zone`
--
ALTER TABLE `psy_zone`
  ADD PRIMARY KEY (`zone_id`);

--
-- Indexes for table `testt`
--
ALTER TABLE `testt`
  ADD PRIMARY KEY (`can_id`);

--
-- Indexes for table `users`
--
ALTER TABLE `users`
  ADD PRIMARY KEY (`id`),
  ADD UNIQUE KEY `user_name` (`username`);

--
-- AUTO_INCREMENT for dumped tables
--

--
-- AUTO_INCREMENT for table `data_import`
--
ALTER TABLE `data_import`
  MODIFY `id` int(11) NOT NULL AUTO_INCREMENT;

--
-- AUTO_INCREMENT for table `psy_answers`
--
ALTER TABLE `psy_answers`
  MODIFY `id` int(11) NOT NULL AUTO_INCREMENT, AUTO_INCREMENT=148;

--
-- AUTO_INCREMENT for table `psy_batch`
--
ALTER TABLE `psy_batch`
  MODIFY `id` int(11) NOT NULL AUTO_INCREMENT, AUTO_INCREMENT=12;

--
-- AUTO_INCREMENT for table `psy_demographic`
--
ALTER TABLE `psy_demographic`
  MODIFY `id` int(11) NOT NULL AUTO_INCREMENT, AUTO_INCREMENT=94;

--
-- AUTO_INCREMENT for table `psy_domain`
--
ALTER TABLE `psy_domain`
  MODIFY `id` int(11) NOT NULL AUTO_INCREMENT, AUTO_INCREMENT=306;

--
-- AUTO_INCREMENT for table `psy_grade_cat`
--
ALTER TABLE `psy_grade_cat`
  MODIFY `id` int(11) NOT NULL AUTO_INCREMENT, AUTO_INCREMENT=8;

--
-- AUTO_INCREMENT for table `psy_question`
--
ALTER TABLE `psy_question`
  MODIFY `que_id` int(11) NOT NULL AUTO_INCREMENT, AUTO_INCREMENT=121;

--
-- AUTO_INCREMENT for table `psy_question_cat`
--
ALTER TABLE `psy_question_cat`
  MODIFY `cat_id` int(11) NOT NULL AUTO_INCREMENT, AUTO_INCREMENT=4;

--
-- AUTO_INCREMENT for table `psy_setting`
--
ALTER TABLE `psy_setting`
  MODIFY `id` int(11) NOT NULL AUTO_INCREMENT, AUTO_INCREMENT=3;

--
-- AUTO_INCREMENT for table `psy_zone`
--
ALTER TABLE `psy_zone`
  MODIFY `zone_id` int(11) NOT NULL AUTO_INCREMENT, AUTO_INCREMENT=6;

--
-- AUTO_INCREMENT for table `testt`
--
ALTER TABLE `testt`
  MODIFY `can_id` int(11) NOT NULL AUTO_INCREMENT COMMENT 'auto incrementing user_id of each user, unique index', AUTO_INCREMENT=139;

--
-- AUTO_INCREMENT for table `users`
--
ALTER TABLE `users`
  MODIFY `id` int(11) NOT NULL AUTO_INCREMENT COMMENT 'auto incrementing user_id of each user, unique index', AUTO_INCREMENT=4701;
COMMIT;

/*!40101 SET CHARACTER_SET_CLIENT=@OLD_CHARACTER_SET_CLIENT */;
/*!40101 SET CHARACTER_SET_RESULTS=@OLD_CHARACTER_SET_RESULTS */;
/*!40101 SET COLLATION_CONNECTION=@OLD_COLLATION_CONNECTION */;
